soil_ph,rainfall_mm,temperature_c,fertilizer_kg_per_acre,pesticide_liters,seed_quality_score,sunlight_hours,crop_yield_quintals
6.12,835.5,18.0,91.8,3.42,10,5.7,67.61943216887511
7.85,532.9,24.6,169.7,2.79,10,6.1,86.82362374364462
7.2,876.0,17.5,98.9,3.22,2,6.3,62.25970519183949
6.8,922.1,28.8,94.9,3.76,7,9.6,75.24606659378439
5.47,912.0,25.4,84.9,6.0,1,2.9,51.45384095184242
5.47,1016.2,17.7,69.5,6.29,6,7.0,62.72394741036706
5.17,966.8,23.5,88.5,4.84,6,5.8,58.62146612354472
7.6,891.8,21.2,103.3,6.54,3,6.9,66.64696508725861
6.8,786.0,26.6,151.1,1.73,2,5.0,72.0576412126076
7.12,467.8,31.7,59.4,1.79,2,5.9,55.15034658795196
5.06,885.9,15.6,81.6,2.55,9,7.1,74.03724051630846
7.91,841.5,25.6,171.4,5.66,5,10.7,79.75798103251523
7.5,854.3,24.2,72.0,2.93,7,7.2,72.27775211065925
5.64,544.7,28.4,101.4,3.55,5,4.7,54.88059646801614
5.55,583.8,26.1,179.7,4.6,7,5.4,70.95259320883456
5.55,1010.6,21.2,73.2,8.31,4,5.3,52.18634583131106
5.91,792.1,23.4,62.4,1.12,8,3.3,56.80069908212877
6.57,936.3,21.0,122.7,6.84,10,5.5,74.29802090629431
6.3,805.7,30.4,95.4,7.02,10,7.1,75.15624844644407
5.87,806.0,25.1,134.5,8.19,7,4.1,72.74577243165695
6.84,987.7,34.5,170.6,9.39,10,7.6,89.59620480647149
5.42,696.8,24.7,70.6,1.18,5,6.7,52.33987146615204
5.88,819.2,21.5,137.1,2.38,6,4.9,75.8273392324758
6.1,707.5,17.4,125.8,8.98,5,5.8,58.38954933192479
6.37,713.1,16.0,71.6,5.13,7,8.4,64.15239786447685
7.36,738.2,17.1,143.6,6.08,2,7.1,67.61468253470356
5.6,844.4,26.3,91.0,6.97,5,6.0,62.69705209201391
6.54,704.3,27.5,123.2,7.11,10,5.6,82.16889773760738
6.78,1051.2,17.1,62.3,9.39,3,6.1,56.3970157169638
5.14,621.1,29.5,118.9,9.97,9,5.2,64.68445210151447
6.82,762.6,22.6,96.0,7.48,6,2.8,70.7988108699583
5.51,712.1,25.7,173.4,3.58,10,9.1,89.69266731669117
5.2,1089.4,33.1,58.5,8.92,3,6.2,55.10229886689247
7.85,839.3,29.5,112.8,1.44,7,6.6,82.86262711527786
7.9,1006.4,23.7,118.8,3.08,4,5.9,72.35125472965038
7.43,502.9,20.5,158.8,9.08,3,4.9,65.66514096469663
5.91,853.4,14.2,136.1,3.31,8,5.7,85.38491999300342
5.29,977.9,21.4,150.1,2.99,4,3.6,64.82339285872476
7.05,816.5,23.9,166.6,2.24,1,9.4,72.81619552991302
6.32,1013.1,20.1,179.3,8.73,6,4.1,75.06389256006231
5.37,696.5,24.3,97.1,5.5,10,4.5,73.9175796779052
6.49,1081.9,25.4,130.7,7.07,1,5.3,54.906329849048
5.1,1259.8,23.9,176.0,3.15,5,7.9,71.81522054261748
7.73,727.4,21.7,198.4,7.82,7,6.0,80.15842364689925
5.78,710.9,25.8,183.4,7.84,6,4.1,64.97938520470358
6.99,1090.7,27.2,105.7,3.81,2,7.9,65.72284326237181
5.94,1115.9,19.5,79.3,4.7,4,7.1,64.59649848064646
6.56,695.4,32.1,123.4,2.89,2,6.8,61.515255682238674
6.64,716.0,24.5,161.2,9.79,1,7.1,57.59086711609328
5.55,743.6,25.1,123.9,6.81,3,9.6,66.99268580857674
7.91,531.1,28.5,122.5,9.41,3,9.3,72.61371742307585
7.33,616.3,26.2,175.7,3.73,7,5.0,71.19813280741694
7.82,599.2,29.8,104.2,8.04,1,8.4,65.88316199152993
7.68,646.4,26.4,179.0,7.89,9,6.6,89.63553101869164
6.79,793.1,21.9,111.0,7.22,6,6.7,72.94142551078313
7.77,846.8,26.8,99.2,9.69,4,3.5,66.42540107435843
5.27,1110.1,19.3,118.1,4.54,3,5.7,73.43606962329808
5.59,600.3,25.5,164.4,2.18,3,4.8,64.82253975690472
5.14,996.9,24.8,68.9,7.05,2,7.2,54.846857900389296
5.98,757.2,24.0,79.5,7.56,2,7.6,53.194807833759874
6.17,790.1,24.4,192.7,6.18,10,2.9,82.73588422377904
5.81,935.0,15.6,76.3,2.86,5,6.0,67.32936677818157
7.49,575.5,22.3,135.2,5.54,9,7.7,72.75992758034666
6.07,876.5,25.5,136.9,3.81,2,5.7,60.429751639172125
5.84,833.3,25.8,123.4,4.85,2,7.1,70.3739046825228
6.63,898.5,19.9,146.7,6.81,6,6.5,78.66518253451045
5.42,857.8,31.3,84.5,7.71,10,6.5,70.56234176591461
7.41,1291.1,20.7,132.9,3.09,2,5.6,74.0030100056036
5.22,672.5,29.8,105.8,4.65,4,4.2,60.656079212460156
7.96,693.8,27.1,149.3,3.42,6,4.3,82.62437304500494
7.32,675.4,21.8,71.2,2.79,5,7.1,63.241547969133855
5.6,688.9,33.9,135.6,8.05,1,6.0,65.70216056936292
5.02,672.5,19.0,77.8,9.18,6,5.8,68.4550595524631
7.45,1037.8,29.6,91.8,4.33,1,5.4,63.853495775237334
7.12,1084.1,30.0,82.8,7.76,3,5.5,62.11764082897422
7.19,685.9,21.6,77.4,9.07,10,7.6,74.8062349261049
7.31,633.5,32.0,173.9,8.62,5,5.5,73.75359570898057
5.22,894.3,23.7,92.9,2.65,10,4.0,82.04283852762366
6.08,689.6,26.4,189.1,9.61,5,7.1,77.08635518847991
5.35,926.6,26.3,195.5,4.39,10,5.7,87.17133339887242
7.59,840.6,24.3,135.7,4.05,6,6.0,71.02755497489981
6.87,496.9,29.1,71.5,1.56,10,8.4,80.4701009580322
5.99,1109.5,29.0,106.2,5.38,8,6.0,79.3509370641387
5.19,1159.2,16.3,169.7,1.98,5,6.4,73.44022814292953
5.93,677.4,31.5,105.1,3.24,1,4.2,58.41125672561213
5.98,722.5,16.7,63.1,3.85,5,5.7,47.742220158935716
7.19,857.2,30.2,133.5,8.28,3,6.9,70.17185287536579
6.91,866.9,30.6,176.8,8.88,4,3.7,74.56278176038346
7.66,931.7,19.5,169.4,3.72,8,6.3,93.02364904779613
6.42,1202.0,22.9,76.3,8.73,7,6.2,63.25590598635655
5.36,764.6,19.5,150.9,8.72,5,6.1,60.24923685598837
7.14,640.3,23.9,83.1,7.88,2,7.6,52.30086019537479
7.28,524.1,23.5,82.7,2.32,6,6.5,58.163157498425406
6.68,653.8,28.9,181.1,7.21,6,8.2,88.11128678879491
7.31,793.4,31.6,87.5,9.51,10,4.5,79.89719647512018
6.48,1158.9,32.0,89.5,7.14,10,6.2,79.90508288974414
6.57,696.5,22.2,50.1,3.98,6,6.1,64.54647472842574
6.28,844.8,24.0,180.6,5.51,9,4.4,82.81279190290118
5.08,796.7,16.6,168.9,6.81,8,7.4,76.66144176149616
5.32,1037.7,21.0,144.1,5.6,8,9.5,79.7168119047312
5.09,1305.4,29.8,162.5,2.08,1,6.0,69.95704504311217
6.91,693.8,33.1,72.8,3.81,5,6.8,57.16399221845485
5.94,702.1,18.8,118.7,8.22,7,6.1,67.7072738180367
6.53,1008.8,22.0,102.7,8.75,6,4.9,64.92633044892978
7.72,936.4,24.9,64.1,2.24,5,3.3,64.44580362038937
5.75,1169.3,26.4,122.9,9.57,8,4.9,73.58061748219305
6.23,916.8,21.0,188.1,3.96,3,3.9,70.19948149215455
7.27,728.1,27.1,56.0,6.96,6,8.6,60.41503484996185
5.69,918.1,22.6,93.7,7.77,5,5.8,61.5717661841088
5.23,1021.7,24.9,81.1,8.31,8,5.5,69.0981861540808
5.87,964.1,27.7,85.7,9.51,4,7.3,56.0243050445807
5.48,901.5,25.0,186.3,3.82,8,4.3,81.39736876840371
7.79,1013.3,22.8,120.2,8.73,10,4.8,79.58321475764741
7.42,1033.9,24.5,119.9,2.19,2,6.1,63.97867608190868
6.9,1076.4,24.6,164.1,7.35,9,7.5,84.19471847546
7.61,929.7,23.1,73.2,7.68,9,6.8,72.94005424383109
7.41,766.6,23.7,123.1,7.1,10,6.4,73.4438949085369
5.56,829.3,33.0,114.5,3.27,10,6.1,80.75261857624697
7.68,1041.3,27.8,139.5,8.86,6,6.6,73.03122813170401
6.62,636.6,23.5,199.9,2.52,4,6.3,83.14526846516608
7.42,873.7,28.5,165.4,1.48,4,4.5,87.6361387269415
7.69,721.3,23.3,109.7,7.46,6,6.1,64.1542159914909
5.95,805.7,30.9,174.1,5.28,5,4.4,76.97303931187336
5.33,1055.7,26.8,75.6,8.64,6,6.1,58.7932904755899
5.68,838.2,24.5,54.6,4.45,7,5.3,65.21177086898894
6.28,809.3,27.2,80.7,2.51,7,9.8,67.03670795457393
7.45,528.0,17.1,101.1,8.53,9,5.9,70.46293379213857
7.58,949.3,19.4,126.6,5.94,8,3.9,68.97805516555323
5.02,929.1,19.0,142.3,2.7,6,5.8,69.69107705450816
6.53,1232.7,25.7,186.6,7.48,6,6.8,79.39187362426348
6.25,738.4,33.7,126.5,5.6,5,8.5,78.03075235447876
5.67,843.8,36.2,125.2,6.44,1,5.1,56.66309822780207
5.36,849.9,28.2,57.5,5.15,9,3.6,64.88882129665913
6.01,1115.5,27.5,55.2,8.46,9,7.2,67.55450985868832
7.83,780.9,16.0,132.7,8.47,9,3.9,72.21663814100567
5.97,855.8,22.3,115.7,7.38,8,5.3,70.54177953700064
6.56,921.6,21.1,175.9,1.95,10,5.6,83.66687664170576
7.11,837.3,21.9,74.1,8.55,3,5.9,56.90483556770443
6.09,710.7,24.2,53.7,7.04,1,7.0,56.233672821772046
7.92,838.8,22.6,117.4,7.27,8,5.0,69.59252607083643
7.89,1014.7,15.1,85.6,4.27,7,5.6,74.42105071636922
5.76,594.7,28.7,57.4,8.91,5,6.0,61.72248816743892
6.49,826.6,19.6,158.7,7.53,10,6.2,77.38522505485977
5.9,660.0,26.2,66.7,2.01,7,6.1,56.134726974547235
5.85,1039.0,35.4,141.2,4.67,10,6.7,88.11480450085882
5.11,495.4,20.4,92.2,8.98,4,7.3,51.84696238616562
6.83,688.2,12.3,76.0,1.42,9,6.6,77.16501609581502
6.51,875.4,23.6,107.0,9.65,10,6.7,75.30303770249915
5.15,1113.1,30.5,170.2,7.11,2,3.6,62.945002959824095
5.84,786.8,34.8,108.8,6.68,9,6.1,69.38220244494144
7.72,689.0,18.9,162.6,3.44,9,6.7,89.16952479545415
5.72,1176.2,27.5,68.8,3.24,5,7.1,62.94608012957906
5.43,510.4,22.7,165.9,9.48,1,5.0,57.63814399730214
6.47,360.2,24.5,85.5,3.68,7,5.0,66.1560137255624
7.96,888.0,38.2,151.6,7.98,10,5.1,85.23870824034584
5.73,699.6,17.5,134.9,4.54,10,6.8,76.64135585629919
7.02,595.8,26.3,189.4,2.25,4,7.6,79.49015795088741
7.28,941.7,27.3,108.1,1.1,9,5.4,82.34862255758047
5.71,848.8,30.4,59.9,5.9,6,7.4,66.11672167755162
7.18,687.2,25.5,52.9,9.78,3,6.2,51.12643134372586
6.1,543.9,26.5,174.0,4.32,6,5.8,75.54724530748258
6.9,974.5,23.0,128.7,4.21,10,5.7,79.33610494238256
6.9,930.0,26.3,166.3,4.1,6,7.1,74.14693796540277
6.61,780.2,23.3,85.2,5.68,5,6.5,63.99000428699065
5.27,1169.3,28.1,101.8,4.97,2,9.4,76.00895880416535
7.51,586.0,23.2,54.5,8.92,10,4.7,59.18640429654467
5.96,494.9,26.9,194.2,5.55,10,6.8,82.62885145198649
5.56,661.6,24.9,150.2,5.57,2,5.2,57.39736114178128
5.12,790.9,30.6,190.0,2.25,7,4.7,84.37695889361562
6.77,848.7,24.7,89.8,9.84,2,6.0,58.22942727098219
7.03,751.8,16.1,141.7,3.25,6,6.2,71.54531153791771
5.05,870.4,31.3,151.8,1.66,5,10.4,76.14390469180519
6.54,549.7,20.5,97.6,6.97,4,5.7,57.89388395819962
5.68,1088.8,21.7,177.2,6.36,7,4.3,69.78488936332097
6.94,783.6,22.0,192.1,4.74,8,6.4,86.07813283428746
5.52,1023.5,31.9,182.7,4.8,4,2.9,77.55762193043967
7.07,868.5,14.3,160.9,8.07,1,5.9,56.80900431683162
6.16,891.4,40.7,91.6,2.76,1,6.0,54.141408615851674
7.81,914.0,30.3,92.2,8.38,1,7.2,69.1871894584743
5.41,889.5,26.1,194.5,6.84,1,7.5,68.49120180247708
6.02,928.5,24.7,51.5,4.77,5,5.2,62.55473922971911
5.34,1065.8,26.4,157.4,5.12,4,5.8,71.23801167401083
7.77,839.3,27.6,155.9,3.31,9,4.9,83.48322591529336
7.63,941.8,28.2,143.4,7.77,3,4.3,70.40506349748323
5.77,782.1,27.8,198.5,5.62,7,6.5,78.99600571626779
6.98,1088.0,25.4,96.8,3.89,8,4.1,72.84748571747824
7.45,664.7,24.0,101.0,6.36,6,5.4,63.909552925879545
6.67,1160.2,24.2,61.8,9.96,10,4.5,61.63953278297483
6.59,792.0,24.0,116.4,4.92,1,6.8,62.187410373632
5.73,513.8,30.7,89.2,9.29,8,8.7,67.27646096561043
5.28,825.6,28.0,101.5,4.11,10,4.0,70.60087585777646
7.69,663.8,10.3,175.2,1.49,3,3.2,60.39219528292921
7.7,968.1,28.3,190.3,2.84,8,5.8,98.35300183881402
6.9,669.5,26.0,77.9,4.77,4,6.0,63.978570931930584
6.02,710.8,24.9,105.9,2.98,8,6.3,76.28377942085989
6.05,422.1,23.1,189.3,1.0,1,5.3,64.5687764877916
7.18,709.5,30.6,59.3,9.24,3,5.7,45.81408555248291
7.69,315.2,29.7,63.9,8.59,6,6.6,69.39658691244756
7.66,483.2,21.1,74.4,7.68,9,7.6,67.89651245997065
7.34,952.1,27.0,139.3,2.51,2,3.1,61.84700101989972
6.93,957.2,20.1,72.6,2.08,1,5.4,56.496007872415575
5.25,885.1,18.1,195.2,1.61,10,6.3,93.54160394001649
5.48,606.6,21.9,117.0,7.52,3,4.6,55.17074721957267
7.7,790.5,29.3,125.2,9.36,4,8.6,78.48787583969687
6.82,799.3,29.8,87.0,4.87,5,5.0,69.10299969258433
5.03,568.3,27.6,120.6,2.07,3,5.9,55.54609406298971
5.3,1100.7,28.6,149.3,5.61,10,6.8,81.60804947170261
6.99,975.5,27.6,162.7,4.14,2,5.1,75.78768581639883
5.02,755.8,21.8,163.1,4.37,2,3.2,46.6549371809478
5.48,805.4,27.2,136.7,6.59,7,5.4,70.73672153417506
6.65,841.7,29.0,185.7,7.47,9,7.5,81.63284399187664
7.08,391.7,28.8,172.6,2.0,10,5.5,82.47423099283237
6.96,750.6,30.9,163.6,1.32,2,4.7,69.13189955485399
5.67,663.6,28.5,58.3,9.95,7,7.4,58.604778110462455
7.14,599.7,26.8,51.0,3.09,7,5.5,58.91069373943695
5.71,743.8,30.4,81.9,1.48,7,5.2,60.83728175185594
5.98,1159.5,24.9,149.5,2.71,3,6.2,83.85455633409345
7.24,928.2,20.6,111.7,1.35,7,7.2,85.15931002080676
6.95,685.8,24.2,110.4,4.53,1,9.6,57.90267089871858
7.55,914.5,21.3,182.7,8.22,10,7.2,97.64058375651783
6.97,1079.9,21.6,184.3,4.07,1,7.7,73.38167254763573
6.7,984.9,24.3,186.4,5.0,5,5.2,79.44493736665855
5.28,811.9,21.0,97.1,7.08,2,4.5,51.43763020051542
6.1,670.6,23.5,153.7,5.58,9,6.1,75.07225679373018
5.8,939.6,15.5,90.7,8.75,7,6.2,68.09526171803074
5.73,878.7,26.1,78.6,8.79,4,4.4,55.701432652883284
7.92,979.0,25.0,77.7,1.09,4,5.7,63.4072428839038
6.18,927.0,20.9,101.3,8.0,2,6.6,51.472052780997636
7.68,1009.9,28.3,114.5,5.15,5,6.5,68.83102493140439
6.89,693.0,29.7,174.6,9.9,4,6.8,65.85309942198951
7.38,1063.5,17.0,68.0,5.35,1,6.4,54.68111774207585
6.51,839.5,21.2,160.2,9.88,8,5.2,69.68167203857801
6.73,1215.1,21.2,129.7,7.79,3,5.2,65.0031974374073
6.48,662.2,20.3,93.2,3.24,6,4.2,68.18250926805186
5.59,1147.2,29.1,123.9,5.85,4,8.7,79.08849786460794
7.17,839.6,24.0,95.0,9.93,9,6.0,71.05961552948692
5.84,669.7,23.7,139.4,8.72,7,5.7,69.15157636928426
5.07,703.2,15.0,115.1,1.88,9,4.6,77.29637274710504
6.94,735.9,28.2,74.7,7.36,10,10.4,80.42778060179357
5.53,884.8,18.8,67.5,4.11,3,4.4,49.57896770061739
7.82,904.6,25.3,132.0,1.06,1,5.4,59.515909414397726
7.86,685.3,26.4,185.4,4.63,5,6.6,82.85736609082372
7.74,795.1,31.8,101.6,3.11,3,6.9,72.15261886291431
6.11,1228.5,18.5,160.0,8.37,6,7.4,74.81174237743178
5.05,1145.5,9.9,148.8,4.04,8,8.7,80.33101377569015
7.78,887.3,25.9,189.7,8.45,4,6.8,77.81513352542486
6.28,807.6,34.0,173.1,1.01,5,4.4,76.97583800400497
7.9,824.0,31.2,135.0,3.77,5,5.6,62.725889712188334
7.89,922.7,26.0,148.6,3.17,4,6.5,75.15309298141932
7.56,595.4,22.5,184.8,3.1,4,9.1,85.49084651204028
5.88,748.5,29.0,109.9,1.61,4,3.9,59.317987222167204
6.16,466.3,20.1,99.0,2.68,4,7.8,61.48563184107658
7.55,879.8,27.4,51.6,6.0,4,6.3,55.5282464665404
5.95,929.4,27.5,174.0,3.62,5,7.3,81.48620838146387
5.51,703.4,30.3,170.1,4.76,2,5.8,66.89638401231912
6.67,1114.8,38.8,65.7,4.39,2,4.7,55.141792296589976
7.81,554.8,27.0,136.5,8.88,9,7.1,85.61575733832564
7.09,507.1,22.5,119.6,9.15,2,7.0,63.51066006766108
6.71,844.9,24.9,67.8,5.44,6,7.5,62.01446618035913
5.29,1009.4,16.2,197.1,3.97,2,6.0,73.60294154708889
6.85,1136.8,21.5,82.2,1.96,5,5.1,68.2050600141019
7.97,708.2,23.0,60.1,9.58,4,3.7,55.908506175055884
5.42,1015.7,22.4,139.2,1.54,7,7.2,69.1557205200246
6.55,792.3,25.8,160.8,3.68,7,6.6,84.97603270516315
7.63,765.5,20.9,54.9,3.68,6,4.6,56.63150518537134
7.22,976.7,30.6,148.8,3.88,10,5.2,84.77786033279367
7.09,930.5,25.0,129.8,2.48,5,5.3,85.354408761301
7.11,484.7,25.0,65.5,8.05,1,3.8,46.57636690360505
6.08,1095.3,23.4,75.9,2.1,3,4.8,56.73638762276411
5.88,1076.0,25.8,135.2,6.71,9,4.3,65.60852813622047
7.43,674.9,29.1,94.5,2.11,1,5.4,65.50782066973177
7.43,879.2,20.7,190.7,1.63,5,4.9,73.27595164595698
7.6,898.8,21.7,172.8,9.18,2,3.6,61.4108054825025
7.74,852.1,23.5,197.5,2.71,4,9.0,84.16423850456076
6.53,689.9,18.3,89.0,8.39,1,7.9,60.53605895850147
6.5,665.7,20.9,195.5,5.9,3,4.8,74.3681999333288
7.39,794.9,22.6,114.7,1.7,10,6.4,79.6748124507987
6.95,1034.5,29.4,102.1,9.6,7,6.6,74.0214603181941
7.11,908.7,26.3,57.6,3.22,10,7.8,71.92507153564448
7.39,725.9,26.0,57.9,8.74,3,4.8,53.052268447826755
7.67,954.3,29.3,153.8,2.52,4,7.6,80.2496837238907
6.01,230.3,24.3,118.7,8.69,2,5.2,56.71684947840677
6.13,1029.8,27.0,84.0,1.12,3,4.0,64.53389061219475
5.28,452.1,24.5,142.1,5.61,9,7.1,77.06088691102822
6.73,727.5,26.3,87.9,7.92,3,7.9,58.88826221226949
5.11,576.1,22.1,136.6,9.41,5,9.9,71.95511147195064
6.4,541.1,12.8,103.9,9.18,2,4.2,47.88615766898477
6.63,1032.2,24.3,173.5,8.38,4,7.0,70.79742815643434
5.86,706.5,32.1,173.1,8.99,7,5.4,74.9685610404453
6.77,869.3,29.6,121.6,2.79,7,7.2,78.18063491892161
5.09,790.6,29.8,102.6,3.56,3,3.8,61.88707891832372
5.11,895.4,31.2,104.4,3.6,5,4.1,62.62635913921424
7.47,815.4,25.4,170.9,4.39,1,4.8,62.30800644380197
6.08,543.4,26.0,99.2,4.54,10,6.1,72.4377084164841
5.38,999.3,21.9,81.4,5.9,10,5.0,69.65028020028277
6.57,701.2,23.4,62.7,2.44,10,7.0,71.78618814451376
7.31,488.7,28.1,120.0,7.22,1,7.5,65.17635757977214
5.65,714.4,31.0,122.3,2.51,5,6.9,75.27861620044949
6.87,1100.2,24.3,176.1,3.79,10,8.4,91.18094563809166
5.26,970.0,22.7,83.2,5.53,9,6.6,66.56428270975529
5.16,730.3,25.0,107.1,8.17,1,4.2,45.202006445222636
6.59,730.1,28.0,171.3,7.66,1,8.0,73.24007835140239
6.62,735.7,17.8,173.5,6.81,4,5.1,76.45110054168859
6.91,1215.3,13.5,107.7,2.4,4,7.4,67.50259036045539
7.18,876.4,22.2,118.9,5.92,2,8.4,65.05184717637503
7.93,886.0,18.9,95.5,1.79,9,6.7,84.20391278449488
6.55,1006.1,22.5,189.9,4.4,9,3.8,87.42378926607503
5.97,847.8,24.3,67.8,4.72,2,4.6,53.599178524005275
7.39,748.2,22.7,190.1,1.36,9,8.0,85.95241747013138
5.81,760.7,32.3,152.6,3.47,6,5.7,79.01564034639708
6.32,785.7,26.6,129.7,9.6,8,6.1,68.63631829745123
5.24,792.6,26.5,54.9,9.58,10,7.1,59.780899070325205
5.08,945.5,28.1,121.3,4.17,4,7.0,65.92114211616644
7.89,810.4,19.3,111.2,1.39,2,6.4,61.330036382756546
7.51,946.5,30.2,74.2,2.61,2,5.7,59.8120015280748
7.09,783.9,24.6,148.5,4.53,9,5.5,73.4540918273754
6.23,815.7,28.4,195.7,9.53,1,7.3,76.47108153233836
5.52,400.4,19.6,134.3,2.27,7,6.8,74.77243147258214
5.47,983.3,17.2,157.2,7.87,3,5.6,55.241287629295925
5.75,869.3,29.1,60.3,1.98,3,7.6,64.27028902833275
6.65,999.6,26.9,112.7,9.83,2,5.8,57.00335685089186
7.14,220.7,20.5,67.5,4.43,10,4.7,66.88187768491392
6.98,1217.7,20.7,141.9,7.98,6,4.9,73.64976753666791
5.84,772.1,30.6,190.8,4.08,10,4.5,87.054877820405
7.86,1021.6,19.1,149.3,6.65,2,5.6,67.21051175289391
7.21,592.0,33.2,61.5,2.73,10,7.9,81.07064602116743
6.66,922.6,20.5,103.2,2.31,4,4.8,57.02305993737486
6.84,589.3,28.2,132.6,9.44,10,6.3,80.69220169367505
6.26,675.2,23.4,110.5,9.26,9,5.0,74.24365082444774
5.74,1182.8,28.0,175.0,8.99,9,5.6,88.44470040270205
6.07,761.9,22.3,172.2,6.63,6,3.7,83.13749457161708
7.27,843.5,24.2,141.8,8.27,4,5.7,66.27526618637651
5.04,974.0,25.2,106.0,1.62,7,5.7,74.80652411296765
5.35,899.1,20.0,88.3,4.01,1,6.8,53.6005468232929
5.14,830.1,28.7,65.9,3.82,4,6.3,63.783030381763346
5.12,873.0,22.4,103.2,6.72,5,4.2,59.07155502139315
7.57,1280.7,23.9,112.0,4.2,8,7.6,80.27762109068766
7.11,788.5,20.0,151.4,2.34,2,6.3,74.62536101935814
6.42,840.2,12.2,148.7,6.37,5,6.3,66.01419030490534
5.29,1010.1,24.0,60.5,8.33,6,6.0,51.72737120549722
6.47,1021.1,37.1,109.3,4.44,5,5.2,68.67176558413085
6.42,1037.4,28.9,77.3,2.19,9,6.3,77.92916473294267
5.52,927.7,24.9,73.5,2.77,10,6.7,79.43719375793546
6.3,571.4,23.7,174.1,3.14,1,3.4,62.624646876482565
6.2,1126.7,25.1,56.3,3.7,3,5.2,63.18298533617013
6.85,570.7,27.7,112.9,6.79,2,5.6,51.86612539261203
6.91,860.5,19.1,75.2,6.41,3,6.4,54.61368267591049
5.14,649.1,30.6,181.9,7.26,10,7.8,84.86312441422949
6.12,787.2,28.6,133.6,4.26,9,4.8,76.22920286263741
6.88,865.8,28.6,84.7,8.42,9,5.3,70.86347194125098
6.51,864.3,27.2,125.4,2.84,10,5.2,83.46755478696096
7.57,884.4,25.1,159.7,5.22,2,4.8,66.83496580914755
6.98,1122.7,28.4,193.7,8.21,3,5.5,78.60214343476562
5.49,890.7,28.0,83.1,2.62,4,7.2,63.01638554837973
5.21,751.2,23.2,182.9,1.99,9,4.4,76.30255048054424
6.93,992.8,22.1,190.1,8.95,3,6.6,74.78966655459283
5.08,1037.9,25.5,187.5,4.09,7,3.4,77.65070235051441
6.76,554.5,32.7,145.3,7.15,3,5.2,65.06959717498476
7.82,919.5,18.8,144.5,1.23,7,5.5,78.94379728290725
6.73,940.2,17.7,110.5,7.21,7,8.5,73.27036770306692
6.16,740.5,25.8,162.9,3.84,9,5.6,79.21852410446334
6.93,1075.1,25.3,129.7,1.5,2,2.7,70.31957366985631
6.37,770.0,25.9,151.6,6.49,6,3.0,63.35759685398493
6.64,825.1,26.2,114.3,3.17,9,6.1,73.49614945765052
7.82,765.4,23.9,159.7,4.48,2,6.9,85.42881812111777
6.16,803.1,32.4,173.7,1.73,2,6.6,68.97104322505385
7.88,580.7,17.0,72.0,2.32,5,6.3,53.98822662645121
7.72,512.0,20.9,174.9,3.68,10,7.7,91.44738372500608
5.59,1118.9,24.5,131.0,1.81,10,5.2,70.87840073113063
5.21,630.6,16.8,176.7,9.2,10,7.3,78.4446304501378
5.3,601.7,24.1,114.7,1.05,8,3.6,77.65612462538245
5.05,369.3,33.3,106.9,5.35,9,4.6,59.318320389233
5.28,672.2,25.1,187.3,2.11,2,3.3,55.89217757130644
7.05,535.4,26.2,87.7,3.77,5,5.6,54.48809399021151
5.21,1128.4,18.7,176.6,9.33,7,5.9,81.48079784173493
5.96,1002.0,21.9,122.6,2.46,6,6.2,77.59388359992906
7.53,662.4,23.1,127.1,9.69,6,6.1,66.42105601510747
5.07,1250.5,23.4,96.3,2.85,7,4.6,72.00106202000535
7.44,996.4,31.4,136.0,7.67,3,5.7,77.33027663755995
5.85,735.0,27.8,98.8,5.92,3,3.8,64.88673207214913
5.35,300.1,19.4,55.9,8.96,10,8.0,59.19432359410076
7.09,1258.2,26.2,90.8,5.99,9,5.5,64.98964141165007
6.89,522.1,27.5,51.0,5.81,8,5.3,56.84160538795157
7.63,470.9,30.7,196.8,2.76,5,8.4,82.7849790253237
7.21,1004.5,32.9,194.9,2.5,6,4.1,84.17530601710804
7.41,1288.0,19.9,109.3,9.25,10,4.3,75.9507029949564
5.85,1076.9,20.9,159.3,3.95,1,4.4,69.85347298965334
5.53,912.8,18.7,101.9,4.35,10,5.9,79.13014213343791
7.25,919.0,23.8,150.7,7.84,1,6.6,65.55663173037607
7.42,970.7,27.3,170.8,4.05,4,7.1,85.4744243802591
7.97,951.8,29.9,192.0,9.57,2,9.9,84.08130683315545
6.24,856.2,24.6,110.0,7.64,7,2.6,64.32452986431286
6.12,820.8,23.4,167.5,6.38,2,6.9,73.28572078554983
7.33,787.5,25.8,89.9,8.93,10,5.2,72.45626024118958
6.02,649.2,20.8,198.5,1.45,2,5.1,80.7610558854888
7.79,743.9,35.4,53.9,3.31,5,5.1,55.5269441660272
7.58,461.4,17.0,140.5,5.19,4,4.6,60.67814550453991
6.29,780.3,25.9,148.9,3.04,8,8.5,82.08540551523024
7.25,602.3,35.1,153.2,7.7,4,7.3,76.33026345228996
7.26,579.3,25.0,68.1,9.27,6,6.0,65.73280243551545
5.31,836.0,24.0,190.8,4.81,5,8.0,79.27300716381922
7.71,1078.4,23.2,77.2,4.08,2,3.7,50.14285175246897
6.52,983.7,24.1,143.4,9.65,8,4.0,78.00456948227503
7.48,485.9,31.9,83.4,5.0,2,2.7,56.22379383070982
5.96,602.1,13.9,96.1,5.4,9,5.0,54.61670670310296
7.69,988.2,32.7,132.0,4.16,9,6.2,85.072979331646
6.17,603.5,17.9,112.6,9.19,3,6.2,48.3892908465985
5.03,755.1,23.7,74.0,6.12,4,6.2,51.737744512489684
7.72,910.0,22.9,75.6,7.86,8,3.9,61.15595536518599
5.27,606.3,27.9,112.7,8.31,9,7.2,75.56932349120993
5.96,821.1,17.0,163.6,4.08,3,6.4,68.91515087086093
7.85,533.2,27.3,184.7,4.9,5,7.1,73.69904499621987
7.85,679.7,35.1,62.6,8.64,8,3.2,68.29732981478672
6.72,864.0,18.2,109.0,4.27,3,6.5,55.335970880357934
6.9,481.4,25.9,65.0,8.15,7,4.2,59.00956895235471
6.35,888.1,21.7,52.5,9.47,8,5.4,56.26094665354223
5.88,796.1,27.1,149.3,6.61,10,6.8,80.31261458734741
5.99,910.5,25.1,140.4,7.67,3,6.1,68.51135374019192
7.02,844.8,21.8,74.5,8.25,2,4.7,54.73524699529764
7.26,1072.8,27.4,85.1,8.61,10,6.0,82.6128453677798
7.37,825.0,34.0,53.6,4.56,7,3.7,63.088731501642734
7.37,714.1,24.0,175.2,1.46,9,7.7,90.7132543148167
5.27,824.5,28.6,196.2,4.62,1,5.7,67.84631338797837
6.48,908.7,18.5,70.3,7.06,3,7.7,58.07194941311399
5.17,809.8,20.2,84.7,5.05,5,5.2,59.67543024004255
6.65,808.1,27.4,180.3,7.74,3,5.2,71.08445076272812
6.32,659.6,32.4,189.0,4.21,1,4.9,60.53224757953752
7.66,667.4,26.8,112.9,6.71,7,7.3,75.22135448165447
6.05,519.5,23.4,57.6,2.68,7,4.9,59.78780738677728
5.35,1149.9,25.0,55.9,7.74,10,7.0,66.31313261826024
5.43,551.2,18.7,136.1,5.91,8,5.4,62.12006481963743
7.28,661.4,28.0,108.9,2.84,5,3.0,71.36839575251983
6.85,656.3,29.4,54.3,3.63,10,5.1,70.52022755447202
5.3,979.0,22.7,137.5,7.74,5,4.2,64.10959484539146
5.25,741.0,22.6,51.7,5.34,5,6.1,48.23983558426256
7.1,1049.5,26.3,168.1,2.94,1,4.2,65.52092585789326
5.22,665.3,22.8,96.0,9.71,10,7.4,76.09095198393116
7.47,855.8,24.7,56.0,7.44,5,5.9,60.12630970434022
7.12,632.9,35.5,138.3,9.61,6,5.7,69.95606466499646
5.24,1229.0,23.8,109.7,4.84,1,7.0,63.993446156123284
5.25,562.5,23.2,196.1,5.28,7,7.4,75.88800906276839
7.96,862.0,21.8,131.6,9.08,1,6.0,69.7842151514019
6.12,926.8,28.7,91.3,5.73,2,4.8,63.912002674483624
6.11,882.8,24.1,156.4,7.37,2,3.3,59.670129643986115
7.44,762.9,21.8,90.7,3.27,5,5.0,60.3756487648457
7.84,774.0,31.6,185.6,5.02,10,5.1,77.78933400653862
7.96,808.8,32.1,106.2,2.11,7,6.2,69.40509614224317
7.26,770.6,22.0,132.5,2.85,1,5.5,55.82865112521122
6.13,992.8,15.7,57.6,1.01,10,7.0,71.20895170493692
5.25,1242.1,30.0,113.9,1.35,1,5.1,61.3498314777932
7.33,688.5,21.6,174.9,9.8,1,5.9,58.4833225629238
6.68,526.0,29.0,170.8,3.18,6,7.8,78.64417978767722
6.27,782.3,15.1,83.6,6.97,2,6.5,55.224685738236744
7.72,1315.9,29.5,83.9,8.55,1,5.9,64.24819674957794
5.33,639.3,18.9,172.6,5.96,6,5.1,60.7846485957056
6.48,1127.8,28.7,189.6,2.38,2,5.1,76.10668259758086
5.03,1135.5,25.1,64.3,7.55,6,4.7,51.94829611514196
6.41,689.3,20.2,117.5,6.4,10,5.2,77.50664348570136
5.17,913.8,23.0,100.6,7.58,8,7.1,73.2487320817675
5.36,1125.7,28.4,180.6,7.93,2,5.7,66.6818638683777
5.35,724.2,25.5,62.5,9.78,9,4.0,55.246773987998
6.95,759.3,27.9,81.7,6.16,8,8.7,70.78166474750847
7.24,683.7,34.9,162.9,4.07,10,6.5,77.6730330263433
6.75,597.0,17.2,57.7,6.84,1,3.9,44.39484086720288
7.89,670.1,33.1,123.9,1.62,7,5.3,75.77177726829936
6.12,555.2,25.5,116.3,9.08,10,6.2,77.4978754128393
5.86,806.8,20.5,100.2,2.07,6,8.6,64.34095391018724
7.61,646.0,18.3,109.2,3.95,6,4.3,61.92938525875033
5.67,846.8,24.1,129.5,8.34,6,7.5,63.01037370980441
7.89,488.8,29.6,74.2,6.38,6,8.1,61.61654718252874
5.04,866.2,24.4,135.8,4.54,10,5.1,70.90209001965891
7.91,966.7,32.6,170.8,5.26,7,5.6,90.63686839423224
5.13,401.3,17.7,164.0,8.69,3,4.4,53.946690756243036
7.67,874.8,24.9,73.1,4.06,6,5.7,66.66387842372306
6.58,1045.5,18.7,72.4,8.83,3,5.9,53.61618298069098
7.98,558.1,26.8,90.2,1.79,7,7.0,65.36867366993594
5.22,1134.5,29.4,104.2,7.99,7,7.6,71.79849788414178
6.66,883.8,22.9,111.3,8.63,8,4.9,72.75351665931797
7.91,659.0,12.0,152.0,2.64,2,3.0,54.95120303728324
6.57,788.8,26.0,58.5,4.87,9,6.0,71.21356395365689
6.89,911.7,27.2,55.2,2.49,5,6.4,58.44339539261153
7.09,815.2,27.0,108.8,7.36,9,6.4,73.25708036963579
6.36,907.8,31.2,154.6,5.82,10,5.5,87.34141561505024
6.88,615.9,19.6,79.0,6.72,5,6.2,55.27181921390256
6.75,833.9,28.4,146.2,2.77,7,8.3,82.54187429667932
7.7,517.3,31.0,89.0,2.91,9,6.6,73.09454585605954
5.14,777.8,16.1,182.9,1.37,4,5.4,71.3848400335191
5.84,619.2,26.6,184.4,3.9,2,5.2,56.45830447238251
7.85,652.9,22.5,94.6,6.04,9,5.7,62.55059092395958
7.67,1047.2,24.6,84.5,8.72,2,8.5,66.33683503023418
6.37,1018.3,26.7,111.7,7.0,3,5.7,68.92390702824525
6.86,921.8,22.6,86.1,4.92,10,6.0,69.6205664823424
5.83,581.5,21.6,150.9,9.58,2,5.3,57.52985823914433
5.56,736.7,25.2,173.9,7.47,3,7.6,72.27059626451151
6.39,1042.6,19.6,151.0,9.37,6,8.9,80.86708800829354
6.06,828.3,19.6,173.7,5.75,3,6.7,60.37461364164575
6.75,1263.9,28.4,109.5,3.33,10,6.1,79.13879876510813
5.23,878.7,19.3,73.4,1.48,8,6.1,63.79410310075062
7.92,838.4,28.3,160.7,7.53,6,2.4,77.16970098618025
7.96,738.2,27.3,104.1,2.09,7,7.1,88.20415241860746
7.09,826.7,16.4,150.7,3.72,1,6.2,63.271971365951416
6.61,769.5,21.6,90.6,5.79,3,6.6,51.955112689480046
5.93,941.6,31.0,62.2,6.08,3,4.9,57.22734038600649
7.44,991.3,20.1,198.9,6.41,2,5.4,81.15797894770355
7.05,642.8,22.7,73.4,2.5,7,5.4,64.73807060489752
5.49,533.8,27.3,198.3,4.42,9,7.5,81.75975727422855
7.73,432.8,28.9,196.6,6.55,4,5.4,80.56296970740009
7.47,901.6,23.7,169.1,9.73,5,9.1,83.53372809249218
7.85,579.3,22.0,148.9,7.55,3,6.6,62.422595779021876
7.18,369.4,32.1,136.7,9.3,9,4.1,74.5961280876717
6.84,877.7,33.7,179.9,7.86,4,5.8,82.30832783829435
6.25,1298.6,29.9,93.4,6.33,5,5.0,73.71045021279446
7.8,798.8,25.4,120.2,2.73,1,2.7,58.59075512345272
7.6,967.7,21.0,142.9,7.0,2,8.4,68.9216027691034
5.14,816.4,20.8,111.7,6.61,9,7.1,77.92036911040631
5.08,780.2,27.6,114.1,6.42,2,6.8,53.29619748509557
6.13,983.8,27.1,99.5,5.41,5,6.2,68.94089645460504
7.43,741.9,32.0,134.6,5.76,8,3.9,69.18886686317784
7.96,853.5,28.3,177.6,4.01,3,5.3,81.85688136129801
5.45,864.3,17.5,80.2,5.67,6,7.3,60.6477724219442
6.78,666.4,30.3,190.2,2.78,4,4.4,82.39691617823735
6.14,998.4,20.0,153.4,8.25,7,2.2,71.90606378177763
7.91,765.0,23.1,173.5,2.67,10,5.7,82.52389884969035
7.53,648.9,26.3,133.4,1.76,3,5.8,75.39213866038621
7.51,907.3,35.0,166.9,4.93,6,6.2,91.21922633213865
6.41,620.3,40.5,52.4,6.92,10,7.1,75.63443246299607
6.24,805.6,28.0,172.8,4.94,9,7.0,82.0780606748189
5.82,798.2,24.1,56.0,3.49,10,6.4,66.57693022821296
5.17,1017.2,27.7,183.5,6.02,1,7.8,72.7641360870288
7.59,894.9,29.4,198.8,4.12,3,3.7,73.74044800334283
7.44,795.0,23.4,94.1,9.4,2,6.8,66.92673286231603
8.0,963.6,34.0,81.5,9.3,8,6.9,75.48263235863018
7.99,1078.0,26.2,164.8,5.52,7,4.1,68.21325976446323
6.67,911.6,27.5,88.0,3.95,2,3.7,58.17777906378111
7.31,802.1,28.3,179.8,7.63,6,4.9,76.89521301591343
7.83,537.6,27.1,65.4,1.33,3,5.0,56.43636721940777
7.55,587.0,29.2,68.9,5.27,8,7.1,67.23690317107152
5.74,739.0,21.9,196.9,4.03,10,5.1,89.64523208303345
6.35,678.1,22.2,151.1,9.28,3,4.7,67.8144388927669
5.39,762.6,19.5,177.0,1.11,10,5.1,84.31626581129328
7.86,811.3,27.2,98.6,5.98,9,7.7,76.6464440643092
6.82,905.9,28.9,151.5,7.67,1,6.0,66.05231397595414
5.69,785.9,27.3,139.1,5.37,5,5.7,69.25699808288813
7.02,897.3,33.4,140.5,1.77,3,5.8,68.91084980067583
6.85,812.9,25.0,152.4,9.75,6,7.9,79.05864324285616
6.07,404.9,28.3,136.3,5.66,10,4.9,76.94421161930234
5.34,612.1,19.5,114.4,6.53,2,8.0,65.24820619888337
7.01,771.2,23.1,91.4,3.13,9,6.3,79.53374890144238
6.56,558.1,28.5,165.3,5.35,6,5.8,71.64262541204936
7.32,920.0,29.2,83.9,4.86,7,9.8,80.55649187254483
6.56,1106.2,23.5,153.9,1.67,5,4.4,70.32723308452763
7.56,1043.8,24.6,85.0,1.96,9,5.5,79.43766050470424
6.66,757.3,17.4,143.8,8.54,1,4.2,54.129929006199454
6.68,1098.1,23.2,162.1,3.16,5,7.4,75.01973388312207
7.63,829.7,29.5,82.8,2.75,10,8.5,82.60222671348703
6.21,732.6,27.9,59.0,5.54,6,8.5,50.573164359229295
5.4,677.3,27.5,69.6,7.92,7,7.8,54.24812212797386
5.09,739.5,25.2,140.9,1.56,4,5.7,66.15254058112858
7.27,722.4,25.0,177.4,6.19,1,5.5,68.44120883317422
6.86,834.1,21.7,56.7,2.07,8,3.5,60.44440614920906
7.11,832.1,28.5,160.1,1.33,10,9.1,85.19381850641201
5.64,800.6,27.1,101.2,1.47,4,6.7,60.82154078930748
5.41,887.4,27.5,121.8,8.51,3,5.3,62.86504663618696
5.04,1038.1,22.4,189.3,2.06,7,8.0,88.4549088531418
6.05,989.9,14.2,99.8,1.41,2,4.5,56.1928844120203
6.77,503.0,30.5,119.8,4.94,8,6.6,79.90416890518495
6.18,289.2,22.6,52.1,8.6,6,5.7,53.083985117296166
6.31,986.9,20.7,62.2,3.36,7,7.0,62.11172173020893
7.71,526.6,28.5,88.8,4.8,5,5.9,62.60348973294192
6.04,755.0,23.0,54.2,1.36,9,3.8,55.66566921396072
6.54,566.0,30.3,144.7,5.04,5,6.1,70.62430504804291
7.35,439.6,28.1,114.0,6.2,5,7.6,73.48650309610667
6.19,908.3,28.4,132.2,6.14,3,6.0,70.16945042355484
6.87,951.8,18.2,76.2,3.99,1,7.2,62.96304662959561
7.59,684.7,31.1,94.4,3.84,2,4.4,57.68257378100503
7.85,281.8,26.3,149.6,1.96,8,6.0,84.59849897257128
5.44,690.8,23.2,194.8,4.3,1,5.1,65.50147886776016
7.78,878.4,25.7,57.6,1.9,7,7.1,76.75192541284947
6.48,504.2,16.1,183.6,7.9,5,6.0,70.31271626278938
5.77,836.7,27.0,136.5,9.7,3,7.0,68.66815686902139
6.38,796.9,19.9,134.6,9.73,7,7.6,79.79956182154928
7.94,915.9,18.2,125.0,8.79,9,7.0,77.38686185709398
6.48,823.9,17.4,60.4,6.41,2,6.4,51.96594493772087
5.99,605.4,30.6,63.5,7.31,8,4.5,67.27831712603151
6.9,1039.3,21.9,140.1,3.57,9,6.0,81.32798418034967
5.72,768.3,32.7,101.1,6.68,3,5.2,52.95353858746919
5.23,794.5,22.3,187.6,5.1,2,5.5,78.65003527292455
5.39,613.3,16.5,111.0,5.34,7,5.4,60.59417767831432
5.38,711.3,19.4,71.5,7.82,5,4.5,53.051780254687706
5.46,623.0,31.2,157.2,3.54,5,3.1,73.75003334725564
5.42,765.4,24.2,94.0,3.86,10,5.0,67.381530481344
6.92,1142.3,22.3,128.8,9.32,5,6.3,66.02366043388935
5.55,525.6,25.8,154.7,1.51,4,4.0,66.81468648387415
6.04,477.3,27.5,185.0,5.37,5,6.0,65.20261801043804
7.69,1094.2,30.6,168.8,9.22,4,8.9,81.1224696156604
6.42,758.1,32.2,151.5,6.49,6,7.5,79.03619332157703
7.0,666.2,23.2,151.9,5.92,4,8.5,71.84724051587418
5.52,1008.0,18.4,191.9,3.25,2,6.6,64.98274528407126
5.58,678.9,22.9,94.4,4.09,9,7.8,79.60488978102006
5.12,1165.2,26.3,50.2,8.67,2,4.9,49.84469076974588
5.51,935.6,20.2,90.8,6.03,9,5.0,74.6967605888087
5.84,702.4,20.2,82.7,5.63,10,1.9,60.90381874909778
5.53,1231.5,26.7,149.3,1.9,6,7.8,77.12994009154619
5.27,678.9,24.8,145.1,1.14,9,8.3,82.7599046012758
5.36,948.4,25.2,139.0,9.67,9,5.2,73.50006436835889
6.38,859.9,21.2,52.4,4.39,3,5.6,46.895192710043204
5.62,1060.3,23.8,159.3,6.43,1,4.9,71.36192129393747
6.09,1112.3,20.4,98.5,1.72,1,6.6,57.12664888553001
6.51,806.4,29.5,149.8,7.15,3,7.7,62.177668076022144
7.07,649.3,30.2,133.5,9.39,5,3.4,71.76383026978665
5.12,892.0,15.8,101.4,6.18,3,6.6,54.39850992093688
7.4,664.5,20.4,70.2,2.14,9,5.6,65.38588053692187
6.88,1202.7,17.5,64.2,6.24,9,6.2,61.02006206485014
5.25,827.3,21.7,174.7,7.9,3,6.7,77.29270743298494
7.62,726.9,24.6,187.8,4.66,3,5.7,68.83159706395158
7.76,836.9,17.8,147.5,8.92,5,5.8,70.88624740352824
5.18,530.6,20.4,65.5,6.84,2,5.7,50.304101612702205
5.83,605.7,20.0,110.3,9.09,6,7.5,66.07558466501548
7.42,1040.1,26.0,159.3,6.61,7,6.6,82.23272844003905
7.24,668.6,25.3,167.0,2.18,9,6.3,76.65767070856292
5.55,590.6,21.4,67.7,3.79,6,4.1,50.78737582116357
5.63,907.3,25.9,50.0,2.82,3,5.4,54.23200169021261
6.11,1037.1,22.3,156.8,9.18,5,7.3,70.22512965006501
6.45,943.8,23.6,103.5,7.84,4,6.1,64.18979729999383
6.85,999.2,33.4,88.2,7.09,5,7.0,72.30571704407572
6.11,648.6,31.7,51.9,3.71,8,8.6,72.85851442900051
6.39,515.6,18.5,131.0,2.66,8,7.6,68.07510321093658
7.24,1100.3,29.1,177.7,7.81,6,6.1,94.09623027489476
5.11,735.5,29.1,193.6,5.27,1,5.2,71.34739672277065
5.76,749.8,19.3,134.9,3.03,8,2.2,67.81942923165467
7.14,1065.6,29.1,127.2,6.55,8,5.7,84.4686829153832
7.69,911.2,32.7,62.8,1.36,2,5.5,72.11903885999988
6.54,891.2,19.4,132.3,3.94,4,6.6,61.39339949471564
6.6,1233.0,20.4,107.0,5.22,2,5.8,61.66368678754324
5.32,671.3,30.1,141.1,2.33,4,5.5,55.74084170063337
6.34,985.6,26.4,108.3,9.86,10,3.3,72.68425766324013
6.6,811.4,27.8,86.0,2.88,7,4.6,68.8409712096257
5.73,853.7,26.7,64.2,2.17,9,6.7,69.40618942278621
5.81,1105.7,27.0,97.2,2.83,8,8.6,74.56933214500846
6.13,901.6,18.4,64.5,7.92,9,5.9,54.11342741905837
5.06,907.7,30.2,76.5,4.83,8,6.5,69.93466841705884
5.97,1014.5,30.8,198.1,6.09,2,7.4,85.37217241957663
5.63,727.0,23.9,116.6,1.19,7,4.8,65.83990772133284
5.98,632.2,24.8,129.8,1.31,2,6.6,65.63729964511573
5.36,591.0,17.3,181.0,5.01,2,4.9,54.974278432899744
7.67,406.7,27.6,199.3,8.35,4,7.3,79.64306531846258
6.78,1211.2,27.9,137.4,8.97,1,6.2,64.50008851127672
7.04,579.4,24.7,171.9,1.78,5,6.4,72.96691024698542
7.37,755.7,30.6,99.0,5.85,6,4.8,63.80018179391935
6.5,744.6,23.3,95.9,9.22,9,7.1,68.89294208983495
5.26,861.5,27.8,110.4,4.49,10,9.1,82.35216657846267
6.61,963.1,19.9,150.9,8.47,8,4.5,68.41018399402242
6.76,972.1,24.9,152.3,2.2,2,5.5,67.72042334216073
7.24,683.4,24.1,97.3,9.42,1,6.3,54.67164111000425
6.29,766.6,26.1,70.0,7.76,2,7.2,49.0008038773407
5.38,856.5,23.2,144.9,9.47,7,5.2,79.06832600837508
5.85,750.3,24.3,69.2,7.09,4,1.8,44.76052259969329
6.09,1121.5,29.1,136.8,4.27,10,8.0,84.16281543183254
6.94,898.2,22.8,154.0,9.44,5,7.1,68.8404602508875
6.71,947.0,17.0,155.1,3.48,7,3.4,82.60740043569056
6.07,932.6,33.7,163.0,3.99,3,5.1,75.44552614299742
7.96,1034.7,31.9,180.9,7.31,10,8.4,92.23403996878179
6.82,836.2,18.5,125.0,7.89,2,8.2,69.18815779429984
5.71,540.6,28.4,159.5,9.36,7,7.4,75.69449347144439
5.31,879.9,22.5,142.9,2.84,5,5.7,71.02026710555751
5.46,669.7,26.3,78.0,8.18,1,6.1,47.54461395623774
5.74,694.3,26.5,53.9,7.65,1,5.8,42.585920065215134
5.48,917.3,23.8,92.7,1.57,9,7.7,76.63183049527302
5.56,1047.7,21.1,116.5,4.49,5,4.7,62.481563850022056
5.86,804.3,21.5,142.6,3.54,1,4.8,69.11677814787551
5.52,861.8,20.4,177.5,3.74,7,7.5,74.43654447378448
7.69,1140.4,20.8,79.4,9.85,9,5.9,79.53978386427474
5.24,848.2,24.7,68.8,6.78,1,8.1,51.895405756010994
6.57,1320.3,21.4,194.5,7.46,10,5.0,92.20342867010552
6.23,913.1,28.4,66.2,9.79,4,5.9,61.16178883314718
7.95,447.8,32.4,121.8,4.39,3,4.6,60.92175352497781
5.34,950.7,22.1,137.8,8.22,5,6.0,71.69824192349319
6.19,876.2,26.2,131.2,4.91,7,3.8,57.38928072309412
7.91,1058.0,27.5,62.9,8.83,8,5.3,65.02005233389029
7.6,934.6,27.4,58.6,2.63,2,3.8,50.32068596329468
7.45,772.3,25.4,65.8,9.53,7,7.0,58.58046993814118
5.77,555.1,28.7,137.8,2.97,1,7.1,61.461225809605246
5.51,758.2,27.4,131.7,3.94,7,3.4,70.63574984090847
7.01,629.9,18.8,85.1,7.81,8,8.0,71.33229999249652
7.79,683.9,29.3,145.7,4.54,2,9.7,75.54838378600203
6.67,917.7,29.4,173.0,6.47,9,6.1,82.87353267553226
6.71,1134.0,21.2,56.2,5.0,1,5.0,53.39508218912584
5.84,878.9,25.2,124.7,7.68,6,10.2,75.81542847425426
7.31,560.8,28.4,153.4,3.05,1,4.0,67.91328083968008
5.56,888.9,24.0,87.8,1.53,3,6.0,63.49868351465758
5.97,1039.3,30.4,96.2,3.7,6,6.3,70.63538206960314
6.28,678.0,36.8,142.0,5.27,3,8.0,67.55873496919374
6.52,773.2,21.1,184.7,2.51,8,6.5,81.03724922083958
5.73,802.9,18.1,171.5,4.19,5,5.3,68.75005320180983
5.34,643.0,26.5,137.5,4.6,2,4.6,57.708668330418725
6.83,929.7,28.6,159.5,1.52,4,5.5,77.29225213794876
5.87,775.8,23.8,104.7,6.25,9,4.5,72.5438719506403
6.74,883.9,32.3,146.1,8.96,4,6.1,71.33840653492311
5.46,622.5,18.3,119.9,2.37,10,5.2,72.31562393950236
6.44,712.5,28.5,78.5,6.38,10,3.8,68.55653152500003
6.6,944.5,22.0,155.3,6.98,8,7.9,79.32047343433831
5.16,725.4,33.6,133.5,4.77,5,5.3,63.61703871178522
6.01,1145.4,35.0,103.8,7.31,10,4.1,68.26181051344646
5.4,720.1,21.2,186.7,4.7,1,5.7,62.09025320961564
5.19,844.9,22.3,53.1,5.54,7,6.1,61.229727266338934
7.97,986.5,29.3,97.4,1.07,3,3.4,61.25544280980216
5.97,516.3,23.1,58.5,7.23,10,6.5,62.7539648128703
7.43,447.8,24.8,165.0,6.95,8,4.4,77.98515643706158
5.76,494.9,25.1,155.3,1.35,3,8.6,73.12244748211334
7.04,1052.5,15.4,99.7,4.31,1,6.8,53.8273357391698
7.28,689.6,24.9,151.3,9.81,5,5.4,74.80129678226821
6.79,1311.6,21.6,109.4,4.79,2,4.9,69.17775044677742
6.41,687.2,22.5,163.4,5.52,4,5.8,64.2427507139072
6.24,836.9,32.2,118.1,9.19,1,6.9,56.859815651794236
6.05,1108.4,18.7,111.8,7.46,9,6.0,79.78945341573096
7.79,1201.2,29.1,190.2,6.24,6,5.7,86.54773239372349
7.49,1212.3,23.6,87.6,8.18,8,6.1,62.284110262740754
7.9,1041.7,23.6,68.1,8.78,4,5.1,52.77359247633656
5.37,1004.8,29.0,137.7,5.11,9,5.5,77.5911518741376
7.19,918.5,26.7,195.4,5.28,2,2.9,65.779786748577
7.82,955.7,27.9,106.7,4.47,9,7.5,79.5198811468178
5.54,689.8,29.8,59.3,9.7,5,6.4,55.7249810684179
5.2,636.4,23.3,100.9,7.27,6,4.8,66.76527302017364
7.22,799.3,21.9,125.9,1.75,3,8.8,69.76073041886104
6.72,766.0,19.6,74.3,8.77,4,6.1,61.25270899786379
7.53,709.4,20.9,148.7,5.33,6,4.4,78.80780081018383
5.42,939.3,39.7,199.7,1.62,7,7.3,98.40954834676037
7.39,991.1,31.2,117.8,5.95,1,6.6,67.06977296692784
5.6,817.7,18.2,103.2,4.75,7,6.6,57.025554260805144
5.49,1095.5,18.4,110.1,8.9,1,5.4,56.92412432701932
5.49,571.7,27.4,67.3,2.84,5,6.7,63.8839994390677
7.44,761.3,27.7,182.5,8.44,6,5.6,78.95266447282292
7.0,656.6,27.7,112.2,6.02,2,6.8,70.61891935037625
6.57,426.7,23.7,108.1,1.49,10,3.1,73.93616780733728
6.08,783.5,24.4,149.0,9.75,9,5.3,78.58136688576391
7.63,775.7,26.6,116.3,5.61,10,8.6,88.96890355602919
6.18,1102.7,25.4,147.2,3.62,6,4.8,77.14384925630438
7.45,926.2,13.9,59.2,5.22,7,5.1,48.78794750302323
6.32,595.2,23.9,172.1,8.72,10,5.3,77.67130524264817
6.13,1170.8,20.7,191.1,3.74,8,4.2,90.25884013623926
6.39,1044.2,25.9,147.3,2.73,10,2.7,76.73404329950853
5.9,916.4,39.9,193.2,2.16,1,5.7,75.2666374738153
7.24,754.7,26.8,72.7,3.68,8,6.2,64.20781843048465
6.51,608.1,23.4,121.6,8.02,4,5.9,71.12061297600884
5.7,725.6,29.6,140.3,5.24,10,5.8,88.06846228709009
7.7,1017.7,27.4,137.3,3.05,8,6.1,78.59765552429634
6.15,1176.9,27.1,110.2,2.5,6,7.5,76.46549000194544
6.63,1108.6,28.0,100.7,3.99,9,5.7,74.00352976117975
7.72,702.2,35.3,69.0,9.46,4,5.1,62.39672319515689
6.87,576.1,19.3,108.8,4.09,2,5.6,59.514415386211645
5.35,828.2,27.4,74.4,9.89,2,6.9,56.82552785806632
7.82,446.3,20.4,160.2,5.37,5,8.1,76.37759223853942
6.88,864.6,27.8,81.3,2.61,10,5.1,88.96303103194234
6.0,770.5,20.4,58.8,9.02,9,6.1,57.1453811749463
5.42,706.8,22.9,132.9,5.14,3,6.5,54.33998322781742
7.38,481.1,23.5,139.3,7.39,8,4.5,69.60554899649269
6.86,902.7,29.9,180.8,9.85,4,6.0,68.07205867219866
6.6,693.5,29.6,136.5,1.45,6,3.8,64.00268864997003
7.68,566.0,18.8,101.8,1.87,10,3.3,65.93842672901017
7.37,225.5,25.3,170.5,7.48,6,6.6,68.70905547284185
5.46,794.5,21.5,131.0,3.54,3,5.4,57.5219094902497
5.94,1154.5,18.7,61.9,2.66,5,6.3,64.03109475222706
5.75,1132.3,23.9,134.9,1.35,3,6.0,67.02205469457331
7.23,708.6,23.5,186.2,1.2,1,4.5,68.77842712563759
5.1,679.6,37.1,109.4,7.97,7,5.9,72.87216387250469
6.71,893.8,27.2,94.4,2.21,4,4.2,59.04138737609287
7.29,600.3,18.1,71.5,5.21,7,8.1,63.96027050647639
7.63,860.4,22.2,72.7,6.45,3,4.0,57.03279993046457
6.03,953.2,30.1,114.9,4.86,5,5.7,59.2691609968989
7.46,1045.4,35.4,139.4,1.24,5,4.4,65.95947245524707
5.33,780.0,17.1,62.1,8.05,2,6.9,49.96058664398862
7.54,759.3,15.6,190.9,1.09,10,5.5,91.15307140283448
5.38,624.4,34.4,163.3,7.86,2,5.2,75.01010067426206
6.19,634.6,26.9,138.0,9.04,4,7.3,67.71647437933404
7.39,754.7,20.7,174.3,4.9,4,6.0,78.33069858629047
5.45,873.5,27.7,62.0,5.82,4,6.8,56.55763678207013
5.69,982.7,11.8,121.5,5.29,6,4.5,65.56313610792543
7.17,639.4,25.0,144.5,4.5,2,3.9,70.84528420874767
7.16,1098.5,26.6,174.3,8.99,6,6.2,70.61503590937183
6.92,745.8,29.6,167.5,9.05,7,5.5,80.0960812878584
7.08,795.7,19.9,91.6,4.02,10,6.9,85.84493365038684
6.63,650.6,25.4,191.1,6.54,3,5.9,74.04117109604671
5.76,315.2,20.4,68.7,9.34,8,6.3,65.12986481616423
6.04,976.8,26.3,181.3,9.66,2,3.6,63.35693925235279
5.54,947.4,20.5,195.6,5.58,8,8.8,87.29376252918142
7.73,743.7,23.0,76.6,5.08,5,5.8,62.61462351194294
6.75,813.4,20.0,158.3,3.51,2,7.0,58.03604460320614
6.2,903.2,28.3,56.0,9.63,7,4.7,53.716110860749
6.39,487.5,29.3,110.8,2.29,2,6.5,55.185624603080065
7.84,694.2,23.8,127.4,6.22,6,4.0,72.87233039016263
5.46,958.9,25.2,137.1,3.54,10,6.7,86.27476552842028
6.76,549.1,17.8,190.4,3.51,3,5.5,72.02618221353268
6.52,858.7,23.5,150.8,4.64,9,6.0,85.09751448427853
6.83,528.7,24.7,122.2,9.99,3,7.0,60.37125293639113
5.05,893.3,38.1,171.5,1.49,3,4.2,78.75265834769772
7.62,792.9,19.4,192.6,6.21,5,5.0,77.31794221316036
7.8,477.0,32.3,53.3,1.74,7,6.7,66.52432023713378
6.7,1032.9,30.0,197.4,2.39,8,9.1,94.46603683368795
7.09,653.1,26.4,62.9,4.96,7,5.8,66.70825238818215
7.77,637.9,33.8,172.2,5.59,9,6.9,86.33800591693543
7.12,840.1,26.9,92.1,3.33,5,5.8,71.44315688599033
5.46,1029.7,26.9,69.8,3.85,10,8.9,70.52125429641997
6.73,596.8,24.7,116.0,1.78,3,3.4,53.95341872635903
6.82,812.3,31.1,146.6,3.73,6,6.1,80.80513377563251
6.27,885.8,30.5,107.1,9.7,5,3.6,61.720278927084934
7.21,938.6,21.9,58.2,9.5,4,2.2,48.386542919234365
7.8,835.3,18.4,139.9,4.01,2,6.4,71.5032886623773
7.78,726.6,24.0,185.4,6.14,7,6.2,80.02969292956956
6.35,634.5,21.0,107.5,9.19,5,5.6,59.27399372849815
5.34,817.2,24.7,82.4,1.06,4,5.8,66.7881397503558
7.95,585.6,31.2,116.4,8.3,8,10.6,89.02171172905325
7.52,215.7,22.7,57.3,9.54,9,5.6,67.09399105135162
5.37,887.3,24.8,173.1,1.82,9,6.8,83.89737111533046
7.76,980.8,25.3,174.0,2.45,3,5.0,82.44651452492236
7.61,327.4,29.2,138.2,9.65,3,6.4,59.0142358611566
6.56,598.1,13.8,103.0,5.84,5,5.6,54.63648562638969
6.77,923.8,22.0,170.0,1.13,5,5.4,65.6607207368782
6.2,1211.5,26.1,133.2,3.32,10,8.7,97.07934100949264
5.16,804.2,31.0,173.9,5.05,2,7.8,67.60210075461961
6.01,654.4,22.5,144.7,7.24,1,6.2,59.0663371012647
7.41,763.4,15.6,167.7,7.6,8,2.5,68.68737829035858
5.01,1075.0,28.1,139.8,9.96,3,5.5,67.9158262416507
6.0,670.8,21.8,112.1,3.59,1,10.1,60.539831696413295
6.19,640.2,19.1,193.7,5.84,1,5.7,59.67291554783526
6.61,703.5,21.9,131.2,5.8,2,7.7,66.3633128209303
7.76,609.3,24.1,140.8,4.65,6,8.2,69.76934987594886
6.04,824.5,22.0,83.1,2.52,6,6.3,60.39297137342254
6.04,1124.9,14.0,143.8,9.8,3,4.7,51.714554426869604
7.21,864.6,29.5,135.7,8.68,4,2.3,57.261209439011964
6.36,749.5,31.4,77.7,5.48,2,7.0,58.94264584860239
5.67,741.6,28.3,58.9,6.43,2,4.8,39.24331980948538
6.36,487.4,19.3,140.7,3.05,7,6.3,64.00827137689141
5.42,976.6,24.0,164.6,5.89,1,4.1,62.689155419335954
5.53,784.4,25.0,128.5,7.25,7,5.6,66.73596551953474
6.5,763.9,28.0,84.0,5.64,1,6.1,64.92918317979655
6.26,1438.6,28.3,150.0,9.91,6,6.4,88.71048273012187
7.74,859.8,21.3,62.0,6.5,3,4.3,49.628387686244224
6.09,649.6,25.4,116.3,4.34,8,7.8,77.05668809201741
6.74,714.7,27.3,74.5,7.95,6,5.1,64.41341278439725
6.9,1029.7,32.3,77.7,2.53,2,3.5,55.43960570987798
5.04,822.7,28.5,80.3,4.46,8,5.8,58.894292317508985
6.99,512.3,28.9,108.0,4.12,5,6.1,66.0015077534597
5.53,983.8,25.4,57.7,4.89,8,6.2,64.16377162592946
7.88,666.4,32.1,109.7,8.04,8,8.0,75.3101775151469
5.45,1174.7,27.0,126.8,5.36,6,5.6,74.69858434082242
6.24,1016.0,20.7,122.5,8.15,2,5.8,57.096351964972
5.26,710.5,32.0,107.4,6.19,8,4.3,61.930012262104285
7.99,1056.2,28.5,175.9,4.08,6,7.2,87.78241485174915
6.51,813.6,22.8,71.8,8.29,6,6.3,63.000850462844376
6.79,970.6,22.6,125.9,3.14,8,5.4,70.59777528049973
5.2,896.9,26.5,59.3,3.02,1,3.1,50.99445305495541
7.25,630.7,27.3,60.7,5.54,2,8.2,47.77959431111961
5.63,671.3,26.0,136.1,3.35,9,4.2,70.92243270642179
7.69,1006.0,26.6,134.9,1.08,8,5.1,80.47495731901196
5.62,733.0,33.5,181.7,6.83,7,6.5,78.02888143674036
5.57,719.3,30.4,133.7,5.6,7,4.2,67.18269763224403
5.11,609.0,26.0,194.0,5.01,5,3.8,80.76037241154057
6.42,884.7,29.7,57.3,9.7,2,2.8,43.28757955480551
6.69,1212.5,19.8,64.7,6.14,6,7.1,77.93610861235956
5.2,586.5,27.0,56.6,8.77,10,5.2,63.45563389865527
7.33,804.8,34.0,77.8,2.26,3,10.4,70.50827568655995
6.36,1082.4,23.9,131.2,6.12,4,4.5,69.46520176693832
6.57,784.1,20.8,146.8,8.81,10,4.6,89.38563874625976
6.32,890.5,21.7,56.8,6.25,2,5.2,45.28203498034276
6.2,587.5,19.6,191.9,7.46,2,6.4,62.20791040531806
6.68,885.7,21.1,176.3,4.35,8,5.3,77.9926690171404
5.47,762.6,23.1,94.5,1.83,8,6.9,70.2667157348228
5.55,997.1,18.0,61.6,5.12,10,4.5,56.27214437593713
7.59,1037.5,25.1,75.5,4.55,6,3.9,65.09669619659304
7.84,1317.9,29.5,69.0,8.8,5,3.3,72.07673566706836
6.12,915.9,20.5,68.5,3.2,8,2.7,62.03103695312389
5.81,865.2,32.6,127.8,9.7,4,5.2,63.708572705123615
6.93,838.9,27.6,86.9,9.62,4,5.5,56.91319775658185
6.23,729.4,30.2,103.7,3.23,5,5.1,69.89655852275781
5.08,867.7,21.7,198.4,4.13,1,7.9,67.76283613380976
5.47,740.9,29.3,152.6,9.06,1,7.8,73.43097960299625
7.15,833.7,19.5,192.3,9.7,2,5.5,79.39879873857178
6.98,1063.5,29.5,71.4,4.99,8,3.3,68.89375399330893
5.08,598.7,25.9,107.3,3.89,7,5.1,64.65942455961677
5.67,1028.0,27.8,133.2,5.73,10,5.1,84.8782990412078
5.69,1063.4,19.1,61.5,7.19,9,5.0,69.34799251113662
7.02,776.4,20.5,50.6,3.46,5,5.0,52.28404134470292
5.06,375.6,28.0,150.6,7.63,2,5.0,54.91822433431649
5.31,678.4,20.3,146.3,1.46,7,5.4,65.19726282658353
7.4,1059.4,27.3,111.6,1.44,8,5.0,80.14932469167029
5.54,795.4,18.2,123.4,4.48,7,6.3,72.54713941728446
6.96,600.1,29.2,112.3,4.18,7,6.5,65.43637181069364
5.71,699.0,18.8,53.6,3.84,5,4.6,49.79400547591921
5.3,968.1,27.8,100.3,5.42,2,7.9,55.06973041209325
5.73,909.3,28.1,76.6,3.89,6,4.5,57.784000948780815
7.17,752.2,21.5,64.8,2.73,4,3.6,57.822085301131494
7.57,726.6,27.9,193.5,3.79,10,6.6,89.13858966660858
7.49,721.6,26.3,139.9,9.77,2,4.8,60.881870219838504
6.19,615.5,22.3,159.3,4.7,9,6.5,71.38344136026343
7.0,1123.1,20.0,97.3,5.0,7,2.4,66.86095104862332
5.61,735.5,15.2,109.0,6.19,6,8.1,65.31863340077675
5.88,1043.4,26.7,85.5,9.85,5,7.0,59.95920374983419
7.69,1104.3,17.2,64.5,3.17,3,3.7,55.277928511587625
5.04,999.7,25.5,76.9,7.13,10,3.8,67.29847440251723
5.26,713.7,23.7,169.6,7.44,10,8.5,80.16265925545328
5.62,880.7,28.4,151.6,6.47,4,4.9,61.040687279991104
5.08,795.2,23.5,132.0,1.8,3,4.7,71.13987216343409
5.54,619.3,23.4,121.3,7.09,8,2.6,60.676636476448635
6.75,864.9,28.7,188.4,1.58,3,5.5,76.99519948406557
6.26,564.2,26.7,60.9,6.37,7,5.7,64.72619867510157
7.68,1037.5,26.6,92.1,7.66,7,7.1,90.99527593785241
7.45,707.1,27.3,102.5,2.9,7,3.9,62.71356775055566
6.03,840.2,17.3,167.4,8.57,7,3.7,73.27613606863255
5.78,856.7,28.8,198.9,1.27,2,6.7,73.47923857352947
6.14,748.2,28.1,86.1,8.59,10,7.5,70.36804847711645
6.77,917.3,19.9,181.1,5.14,3,3.6,66.07693989496605
5.8,705.0,23.8,174.6,2.96,10,7.6,81.27172516099708
6.87,974.3,24.8,83.7,2.2,9,6.1,74.32154319107669
6.23,530.8,24.3,109.9,9.58,3,7.6,51.78048656475882
6.66,825.3,26.7,111.5,1.65,2,5.9,68.06703783255935
6.31,1187.8,32.2,196.7,2.79,9,2.2,88.84301468016687
5.88,599.9,30.4,77.1,4.13,10,5.8,72.19117486450719
7.85,664.5,18.4,169.9,6.58,9,7.6,82.1290569402689
7.29,902.8,28.1,100.1,5.9,4,4.7,62.31698032894125
5.42,835.9,31.6,159.6,2.13,9,5.4,84.09181952583664
7.61,870.1,26.9,113.0,3.61,3,5.7,60.86574683797088
6.46,897.8,30.5,136.8,3.15,7,1.7,69.75304782793332
7.68,926.9,35.1,174.9,2.92,7,8.5,87.38593243060774
7.4,1021.9,30.1,170.6,4.7,8,4.6,80.73615594704492
6.28,882.0,26.2,180.0,7.34,10,6.8,77.2208087968718
5.07,751.7,30.2,58.9,2.96,4,5.9,62.6186329474
5.81,934.5,25.7,153.8,4.3,3,7.9,69.01230623423115
6.62,1180.0,25.1,71.0,4.52,3,6.6,67.67688027581775
6.9,773.5,23.2,112.4,9.79,5,5.6,69.20396160697146
5.77,605.1,32.8,132.3,9.59,1,4.7,50.101001467417525
5.42,1021.4,20.9,110.4,8.2,10,7.2,70.14194382163576
7.5,775.9,32.7,127.9,3.17,3,3.2,78.77151479677843
7.95,365.5,27.5,199.5,1.61,6,7.0,93.17962970963572
6.58,969.5,18.0,70.3,3.85,3,4.4,54.317407433359485
5.52,692.9,26.8,151.3,3.4,5,7.9,75.14086553208675
5.82,781.9,14.5,109.4,5.55,9,6.2,66.58976798526406
5.06,866.4,28.1,70.0,8.0,2,7.0,55.3757635710017
7.74,838.1,29.4,73.8,8.72,2,6.1,53.95509049638764
5.35,941.9,22.0,192.4,8.6,6,3.4,63.217231178508065
6.73,712.9,25.6,181.9,4.24,6,4.7,70.87622106744475
5.82,902.6,34.8,186.1,7.19,8,7.0,87.03146373925294
6.66,748.1,22.5,198.7,3.82,2,6.2,68.09066382248706
6.95,947.8,19.7,81.2,1.55,9,7.8,75.05661267543233
7.49,923.1,32.4,103.3,7.31,2,6.6,59.29769480283568
5.62,612.9,34.8,150.4,1.09,1,4.5,59.66223038749003
5.03,1017.2,25.0,122.6,4.68,10,4.8,80.24782653206596
5.41,692.8,30.1,112.8,3.96,2,6.2,61.25540273820052
7.7,961.6,31.7,103.7,7.24,7,2.5,69.16267789343327
7.62,873.5,21.3,139.1,7.9,8,8.5,85.42481986535326
6.79,1167.6,22.6,136.3,3.74,5,6.7,78.06404296673674
6.8,755.3,31.2,74.2,8.3,6,7.8,73.42581645625685
7.0,730.1,33.4,120.8,3.65,1,3.6,57.71670368842429
5.53,796.1,27.8,133.0,5.02,6,7.9,71.50282510736247
7.74,739.4,20.6,135.5,7.54,8,9.3,74.05345366804329
6.26,960.0,34.9,81.5,7.24,3,4.0,56.0500964131379
6.15,476.7,22.3,161.3,9.89,1,7.2,65.63084947151224
6.56,589.3,23.3,53.8,3.03,4,6.0,61.05793686131067
5.14,586.4,26.7,103.2,6.96,1,3.7,53.50552584043335
5.5,990.1,32.8,167.0,6.49,8,6.7,74.6250406672528
7.21,1142.1,29.3,134.6,9.24,5,7.3,81.56672606330366
5.25,779.1,27.1,89.2,2.41,1,5.1,44.05340688363965
6.81,766.2,27.3,154.2,7.77,8,7.7,85.75758662061172
5.74,814.0,25.2,135.1,6.11,9,3.5,70.80107736714471
6.17,1032.4,27.8,169.4,3.47,10,3.8,88.89166656966928
5.87,614.5,12.4,160.3,5.27,2,6.2,54.65275826052718
6.07,847.7,23.5,141.5,4.0,9,6.0,84.74783816353073
7.16,995.0,26.2,123.2,6.21,8,4.9,68.53012626947555
5.89,900.2,19.2,70.0,9.0,7,7.2,58.999725445734114
6.7,837.9,26.9,89.2,6.12,3,6.8,56.378526861154825
6.43,1000.2,24.0,112.9,6.69,2,7.3,54.83057573588751
6.99,259.4,33.8,139.9,5.67,7,5.8,73.03663783794234
7.81,935.6,32.9,127.1,1.46,5,6.9,87.56144558918481
7.2,669.2,22.7,93.2,3.1,6,5.3,78.61652611160005
5.64,433.9,24.2,51.0,5.43,4,9.1,54.94977893543123
5.09,902.2,24.6,124.4,3.79,2,4.8,65.13040637533761
5.79,1074.7,22.7,92.8,2.64,9,9.2,79.69747318964268
6.79,772.5,26.0,160.2,5.54,3,6.1,73.00941597384104
5.15,990.6,21.2,53.6,3.91,7,3.9,55.79025674436381
6.49,1122.5,19.3,137.7,3.32,8,8.1,83.115384627113
6.79,1063.0,28.1,191.2,5.18,2,6.2,79.71739352303213
6.0,1128.0,28.1,76.2,2.2,6,7.3,67.09770135561834
7.31,948.4,21.0,120.7,9.35,8,7.8,76.14652850053507
5.32,815.1,29.5,63.7,8.81,7,6.5,61.24884940501256
5.23,479.6,21.8,143.9,7.37,3,5.1,62.47801658665262
7.18,750.8,26.3,132.6,1.96,1,7.5,61.5878391418616
6.49,631.4,29.1,111.1,7.98,6,6.0,66.44128895696174
7.07,1234.2,24.8,128.2,8.27,8,7.0,90.07702734526349
6.3,764.8,27.3,184.5,7.91,6,2.8,79.1783007629297
5.74,824.6,22.4,79.4,2.03,5,6.7,69.13689524444352
7.46,910.3,24.0,53.4,6.8,8,5.0,64.45515920089017
7.4,808.7,24.0,179.2,8.51,2,8.5,76.0669878184301
7.08,1139.0,21.3,136.6,6.2,1,6.9,71.69118083351462
5.82,675.5,24.1,183.6,6.82,1,6.4,74.15627764765465
6.77,838.9,17.3,139.5,5.13,4,6.7,58.770985435585565
6.08,651.5,22.5,171.5,5.76,6,4.5,65.44279346475076
5.27,536.0,23.6,114.5,1.31,9,8.4,81.64722050701323
7.75,677.6,23.7,162.5,6.75,1,9.0,69.50155322115597
5.41,792.6,23.8,187.0,1.73,1,6.6,66.61239605370962
7.85,714.1,24.7,135.8,4.92,5,8.4,69.49019506502198
6.34,661.5,27.4,77.1,3.63,10,5.1,67.13991649227945
