CustomerID,Quantity,Discount,ProfitMargin,UnitPrice,Sales
1,7,0.14,0.11,215,1478.77
2,4,0.3,0.17,458,1459.94
3,8,0.0,0.23,63,579.81
4,5,0.06,0.18,252,1378.82
5,7,0.12,0.06,337,2172.26
6,3,0.28,0.27,444,1214.43
7,7,0.02,0.07,238,1778.59
8,8,0.0,0.29,451,4668.82
9,5,0.02,0.06,204,1069.69
10,4,0.03,0.22,104,480.23
11,8,0.01,0.07,231,1953.89
12,8,0.14,0.28,259,2320.69
13,3,0.17,0.17,425,1137.55
14,6,0.08,0.08,124,738.67
15,5,0.12,0.14,326,1649.62
16,2,0.03,0.09,477,1047.84
17,8,0.1,0.09,182,1377.83
18,6,0.16,0.29,392,2495.48
19,2,0.22,0.16,474,886.95
20,5,0.0,0.25,108,579.78
21,1,0.14,0.21,394,476.61
22,6,0.09,0.22,231,1550.07
23,9,0.26,0.08,455,3350.66
24,1,0.21,0.11,388,285.88
25,3,0.18,0.25,370,1115.93
26,7,0.08,0.29,113,818.37
27,4,0.27,0.12,376,1189.89
28,9,0.01,0.12,309,3074.38
29,3,0.03,0.17,242,725.8
30,5,0.12,0.3,192,1078.51
31,3,0.04,0.12,153,394.15
32,7,0.29,0.15,455,2587.68
33,5,0.24,0.27,263,1326.59
34,9,0.08,0.05,291,2528.21
35,7,0.18,0.06,480,3003.42
36,2,0.29,0.2,258,478.95
37,4,0.27,0.28,142,598.15
38,9,0.18,0.11,479,3885.62
39,2,0.27,0.17,191,286.81
40,9,0.3,0.16,483,3547.04
41,5,0.22,0.17,453,1988.15
42,2,0.02,0.21,483,1169.04
43,4,0.12,0.17,161,646.87
44,7,0.25,0.16,466,2904.44
45,8,0.07,0.17,424,3724.81
46,3,0.25,0.2,108,346.44
47,1,0.04,0.18,92,66.51
48,4,0.01,0.26,256,1329.75
49,2,0.12,0.06,317,663.63
50,8,0.01,0.26,345,3440.89
51,4,0.29,0.26,167,560.63
52,2,0.25,0.12,69,79.83
53,6,0.24,0.17,271,1507.79
54,6,0.19,0.16,215,1346.3
55,4,0.06,0.1,180,695.4
56,6,0.16,0.15,205,1135.25
57,2,0.18,0.06,233,451.12
58,2,0.16,0.12,139,223.85
59,4,0.08,0.25,143,708.72
60,8,0.15,0.12,62,495.46
61,7,0.15,0.25,371,2758.11
62,9,0.3,0.18,342,2564.49
63,8,0.27,0.27,482,3593.91
64,5,0.14,0.19,279,1418.66
65,2,0.19,0.06,371,549.26
66,5,0.22,0.22,341,1631.41
67,8,0.01,0.06,487,4167.12
68,9,0.27,0.16,75,491.15
69,9,0.26,0.28,124,1008.79
70,1,0.14,0.09,413,408.49
71,9,0.12,0.15,473,4310.01
72,7,0.08,0.23,348,2777.14
73,9,0.14,0.27,199,1921.16
74,8,0.01,0.22,197,1961.62
75,1,0.26,0.11,57,49.16
76,8,0.01,0.22,78,788.52
77,8,0.1,0.12,345,2798.09
78,3,0.28,0.23,463,1238.87
79,1,0.22,0.29,258,290.94
80,8,0.08,0.23,177,1611.67
81,3,0.08,0.27,389,1304.01
82,3,0.0,0.05,165,574.12
83,1,0.21,0.23,488,515.1
84,5,0.01,0.26,193,1098.4
85,7,0.16,0.06,479,2952.8
86,9,0.29,0.27,367,3030.43
87,7,0.03,0.11,284,2049.13
88,9,0.27,0.22,56,496.04
89,8,0.3,0.25,94,650.94
90,2,0.02,0.22,492,1243.48
91,1,0.26,0.07,288,227.98
92,7,0.15,0.2,489,3455.36
93,7,0.27,0.19,481,2940.32
94,8,0.17,0.28,204,1732.32
95,5,0.2,0.15,230,1017.46
96,3,0.16,0.13,264,862.68
97,8,0.26,0.24,137,957.13
98,6,0.22,0.15,305,1529.36
99,3,0.16,0.21,122,451.09
100,1,0.26,0.21,468,389.87
101,3,0.07,0.27,228,793.03
102,5,0.05,0.2,261,1469.8
103,3,0.05,0.18,342,1121.66
104,1,0.1,0.08,283,236.77
105,5,0.07,0.08,288,1396.5
106,7,0.28,0.09,272,1497.5
107,7,0.03,0.09,168,1223.29
108,9,0.21,0.21,362,3150.84
109,3,0.06,0.24,313,1118.63
110,7,0.26,0.18,256,1518.4
111,1,0.29,0.26,144,134.25
112,4,0.14,0.3,422,1866.29
113,4,0.26,0.26,271,961.14
114,5,0.0,0.22,415,2565.97
115,7,0.25,0.18,325,2007.31
116,7,0.07,0.16,429,3219.26
117,4,0.27,0.07,280,832.05
118,7,0.0,0.15,358,2830.5
119,3,0.17,0.28,168,634.89
120,6,0.23,0.25,317,1847.38
121,2,0.08,0.1,482,921.01
122,9,0.06,0.17,322,3201.61
123,5,0.03,0.25,113,738.16
124,6,0.1,0.07,347,2013.34
125,4,0.17,0.15,399,1592.08
126,7,0.03,0.26,462,3875.45
127,9,0.11,0.15,452,4064.03
128,7,0.0,0.07,60,462.43
129,1,0.25,0.19,147,145.02
130,1,0.04,0.27,483,421.9
131,9,0.09,0.2,120,1148.18
132,9,0.01,0.11,413,4034.18
133,4,0.13,0.15,107,358.62
134,9,0.25,0.16,339,2603.82
135,3,0.12,0.19,300,972.27
136,7,0.05,0.24,325,2629.08
137,6,0.23,0.07,99,440.24
138,8,0.24,0.27,407,3061.75
139,9,0.05,0.05,265,2442.48
140,5,0.23,0.14,443,1966.06
141,1,0.28,0.06,465,230.27
142,3,0.05,0.15,101,281.92
143,8,0.23,0.18,320,2352.44
144,6,0.21,0.18,133,807.97
145,8,0.14,0.09,436,3311.69
146,9,0.02,0.21,342,3632.11
147,4,0.02,0.06,175,630.59
148,1,0.26,0.24,345,360.08
149,1,0.3,0.29,121,94.42
150,4,0.2,0.13,345,1250.96
151,7,0.13,0.18,285,2039.2
152,2,0.19,0.14,105,126.14
153,3,0.18,0.05,456,1196.06
154,1,0.12,0.15,409,425.23
155,5,0.02,0.25,444,2698.21
156,1,0.25,0.2,159,166.66
157,8,0.11,0.08,241,1784.49
158,1,0.25,0.26,441,403.29
159,1,0.08,0.18,142,155.46
160,2,0.0,0.26,399,918.73
161,2,0.05,0.2,105,236.55
162,6,0.14,0.19,109,705.99
163,7,0.28,0.08,187,1002.72
164,5,0.03,0.09,88,463.51
165,1,0.26,0.29,77,101.62
166,1,0.16,0.11,98,71.99
167,3,0.25,0.29,469,1346.38
168,2,0.09,0.18,174,314.85
169,5,0.25,0.08,62,250.35
170,6,0.23,0.07,85,403.45
171,7,0.07,0.1,150,1099.1
172,4,0.04,0.28,331,1655.1
173,7,0.26,0.15,135,843.76
174,8,0.29,0.15,53,320.78
175,1,0.01,0.13,272,195.46
176,6,0.22,0.09,387,2011.25
177,8,0.27,0.17,497,3417.46
178,5,0.26,0.08,215,827.38
179,4,0.29,0.26,432,1573.62
180,2,0.23,0.14,393,617.52
181,6,0.13,0.14,432,2622.26
182,6,0.09,0.17,425,2698.3
183,1,0.1,0.16,327,299.94
184,9,0.22,0.3,179,1602.47
185,6,0.22,0.19,80,433.96
186,3,0.06,0.07,424,1278.78
187,4,0.26,0.2,60,215.53
188,4,0.21,0.09,351,1187.5
189,3,0.17,0.06,145,392.72
190,3,0.14,0.29,239,795.85
191,3,0.16,0.24,241,720.7
192,4,0.05,0.3,315,1516.19
193,7,0.06,0.17,473,3671.86
194,4,0.03,0.18,177,836.59
195,9,0.05,0.09,287,2677.55
196,1,0.14,0.11,457,482.46
197,8,0.16,0.26,404,3322.68
198,7,0.01,0.14,477,3740.18
199,2,0.24,0.26,161,250.53
200,8,0.09,0.23,365,3381.17
201,1,0.27,0.09,495,429.53
202,9,0.29,0.18,392,2951.81
203,9,0.06,0.22,194,2041.56
204,2,0.14,0.11,114,273.46
205,7,0.0,0.26,296,2666.0
206,3,0.18,0.19,272,842.34
207,7,0.18,0.09,362,2251.76
208,9,0.07,0.2,488,4876.4
209,4,0.17,0.3,155,620.87
210,1,0.07,0.09,230,258.27
211,2,0.05,0.25,233,545.43
212,1,0.2,0.1,275,221.08
213,5,0.1,0.25,314,1742.72
214,5,0.18,0.23,327,1721.57
215,7,0.13,0.13,446,3116.87
216,9,0.3,0.13,138,1073.94
217,9,0.04,0.25,225,2456.45
218,3,0.14,0.17,67,205.09
219,3,0.2,0.23,420,1238.57
220,3,0.12,0.09,473,1310.09
221,4,0.29,0.26,450,1547.21
222,8,0.22,0.23,448,3463.86
223,6,0.2,0.28,155,905.59
224,8,0.23,0.08,320,2139.47
225,1,0.29,0.2,368,369.31
226,8,0.27,0.2,216,1480.46
227,4,0.22,0.14,62,321.05
228,1,0.22,0.16,386,299.72
229,8,0.04,0.06,81,708.91
230,4,0.03,0.24,442,2147.79
231,6,0.17,0.19,89,587.14
232,8,0.01,0.06,197,1598.04
233,4,0.14,0.22,267,1235.9
234,3,0.06,0.17,268,875.3
235,9,0.1,0.06,131,1158.6
236,3,0.23,0.29,382,1210.55
237,9,0.28,0.29,257,2118.08
238,2,0.02,0.18,250,619.49
239,2,0.16,0.07,496,853.04
240,2,0.26,0.24,381,769.06
241,6,0.02,0.17,477,3243.56
242,3,0.25,0.13,87,223.12
243,9,0.11,0.17,260,2451.95
244,4,0.1,0.18,493,2133.48
245,1,0.29,0.19,376,416.11
246,4,0.06,0.16,298,1277.16
247,1,0.21,0.2,276,318.58
248,5,0.25,0.28,97,564.11
249,4,0.01,0.14,67,310.75
250,8,0.2,0.23,449,3507.02
251,8,0.29,0.27,488,3433.74
252,7,0.04,0.16,344,2775.71
253,3,0.27,0.16,245,610.18
254,1,0.18,0.2,236,182.16
255,1,0.18,0.2,394,319.78
256,3,0.18,0.25,273,789.31
257,6,0.09,0.17,367,2390.45
258,7,0.28,0.3,446,2975.09
259,6,0.28,0.06,414,1928.39
260,6,0.19,0.05,386,1976.37
261,6,0.24,0.21,278,1471.62
262,3,0.18,0.12,439,1173.04
263,6,0.15,0.11,126,657.96
264,8,0.2,0.13,237,1742.63
265,2,0.17,0.11,395,674.66
266,5,0.18,0.06,319,1350.66
267,1,0.24,0.29,144,132.0
268,1,0.14,0.11,359,259.21
269,5,0.01,0.23,181,1104.36
270,3,0.05,0.24,88,305.63
271,4,0.13,0.28,121,598.19
272,3,0.22,0.06,330,777.54
273,1,0.18,0.27,382,332.86
274,1,0.2,0.18,209,178.59
275,5,0.14,0.21,236,1173.0
276,6,0.18,0.21,240,1430.73
277,3,0.1,0.25,471,1496.63
278,9,0.14,0.13,169,1447.84
279,5,0.22,0.23,269,1243.97
280,8,0.26,0.18,102,740.92
281,1,0.13,0.25,271,254.18
282,5,0.01,0.3,461,2879.73
283,3,0.05,0.1,180,554.21
284,1,0.01,0.3,286,384.08
285,4,0.2,0.07,295,996.52
286,5,0.1,0.05,275,1268.81
287,7,0.16,0.06,257,1568.25
288,1,0.15,0.14,455,446.54
289,3,0.02,0.21,145,471.35
290,2,0.12,0.07,471,870.56
291,9,0.07,0.05,249,2225.86
292,6,0.13,0.28,296,1912.69
293,3,0.06,0.26,121,427.75
294,8,0.25,0.25,367,2663.05
295,8,0.05,0.27,234,2269.96
296,2,0.29,0.23,55,47.12
297,6,0.12,0.08,255,1505.09
298,7,0.25,0.15,81,415.19
299,2,0.19,0.23,148,317.01
300,2,0.22,0.12,443,835.07
301,1,0.23,0.22,436,358.04
302,8,0.15,0.06,305,2155.35
303,1,0.16,0.13,236,176.8
304,9,0.15,0.19,125,1113.64
305,6,0.18,0.21,226,1371.29
306,7,0.01,0.19,364,2973.42
307,7,0.12,0.22,336,2469.06
308,3,0.18,0.05,398,927.1
309,2,0.18,0.08,304,618.54
310,9,0.24,0.27,374,3332.89
311,8,0.2,0.22,239,1894.12
312,7,0.3,0.08,357,1848.72
313,9,0.09,0.26,394,4103.23
314,4,0.11,0.11,176,742.92
315,4,0.12,0.17,474,1939.41
316,1,0.14,0.09,336,317.03
317,8,0.25,0.23,303,2297.73
318,3,0.07,0.22,262,809.77
319,7,0.23,0.1,299,1822.69
320,2,0.12,0.27,133,281.82
321,2,0.18,0.15,432,759.12
322,7,0.19,0.12,455,2837.92
323,6,0.11,0.09,437,2500.37
324,3,0.15,0.12,62,116.57
325,9,0.12,0.06,94,877.72
326,6,0.02,0.2,176,1266.42
327,6,0.13,0.26,475,3177.39
328,1,0.03,0.19,163,216.27
329,4,0.12,0.1,482,1869.37
330,6,0.18,0.06,325,1698.68
331,6,0.17,0.1,254,1371.54
332,5,0.2,0.15,386,1759.81
333,1,0.03,0.24,487,515.36
334,8,0.2,0.1,469,3355.85
335,5,0.09,0.23,434,2338.22
336,5,0.12,0.27,448,2450.49
337,7,0.26,0.16,322,2035.44
338,4,0.0,0.26,457,2310.09
339,6,0.18,0.19,107,635.35
340,4,0.18,0.21,377,1528.1
341,3,0.12,0.18,268,757.86
342,7,0.07,0.17,158,1133.75
343,8,0.07,0.11,328,2686.51
344,4,0.27,0.13,223,690.64
345,2,0.13,0.12,377,730.95
346,3,0.1,0.19,313,1029.95
347,1,0.13,0.08,364,411.47
348,8,0.2,0.28,160,1351.27
349,3,0.04,0.23,236,786.29
350,7,0.13,0.15,318,2208.36
351,5,0.18,0.09,472,2077.02
352,5,0.28,0.27,278,1220.19
353,7,0.08,0.26,205,1601.24
354,9,0.11,0.23,238,2428.06
355,5,0.11,0.12,321,1600.4
356,1,0.18,0.15,424,388.62
357,1,0.11,0.08,51,73.23
358,2,0.16,0.1,295,571.85
359,6,0.23,0.25,259,1551.67
360,9,0.21,0.23,450,3898.2
361,8,0.13,0.2,335,2818.06
362,5,0.26,0.27,408,1871.63
363,1,0.17,0.2,62,52.24
364,7,0.16,0.17,145,1000.38
365,5,0.01,0.14,270,1531.33
366,6,0.3,0.29,287,1560.48
367,7,0.04,0.07,143,1068.32
368,3,0.07,0.28,387,1352.2
369,3,0.02,0.26,318,1187.08
370,5,0.19,0.08,220,924.33
371,6,0.07,0.19,143,1095.59
372,9,0.05,0.27,198,2104.34
373,5,0.03,0.19,161,894.18
374,1,0.03,0.28,104,173.26
375,4,0.18,0.29,386,1611.77
376,5,0.21,0.16,473,2211.44
377,5,0.12,0.14,165,835.29
378,7,0.14,0.28,192,1459.32
379,4,0.21,0.22,250,926.16
380,1,0.01,0.08,229,205.4
381,5,0.1,0.06,251,1177.65
382,7,0.29,0.19,413,2433.89
383,6,0.17,0.28,102,608.59
384,5,0.08,0.26,433,2504.21
385,4,0.16,0.22,229,884.01
386,2,0.1,0.08,463,937.87
387,4,0.16,0.11,466,1785.36
388,3,0.04,0.27,362,1288.83
389,1,0.04,0.1,357,338.98
390,8,0.04,0.12,186,1608.79
391,5,0.28,0.08,231,961.4
392,4,0.22,0.22,416,1657.8
393,8,0.05,0.29,50,420.06
394,7,0.06,0.12,93,735.69
395,2,0.22,0.17,276,500.68
396,1,0.05,0.21,380,434.7
397,4,0.07,0.3,147,736.13
398,8,0.29,0.08,257,1552.49
399,2,0.08,0.17,314,730.81
400,3,0.2,0.15,337,1001.32
401,1,0.29,0.27,320,361.61
402,1,0.11,0.17,189,104.61
403,3,0.01,0.08,286,905.89
404,5,0.07,0.21,490,2660.22
405,3,0.25,0.24,441,1192.13
406,1,0.26,0.05,121,-25.86
407,1,0.23,0.26,204,220.43
408,8,0.03,0.1,239,2051.07
409,2,0.24,0.19,317,551.76
410,3,0.28,0.15,370,879.52
411,2,0.18,0.23,156,330.38
412,3,0.28,0.14,281,641.36
413,7,0.25,0.27,91,552.77
414,1,0.2,0.23,239,175.06
415,8,0.17,0.21,420,3364.26
416,2,0.1,0.25,188,393.88
417,3,0.05,0.24,152,517.96
418,9,0.18,0.06,220,1747.11
419,7,0.1,0.15,400,2946.16
420,4,0.26,0.28,322,1292.52
421,5,0.3,0.08,465,1760.71
422,2,0.23,0.23,270,528.81
423,8,0.03,0.29,262,2632.17
424,4,0.09,0.06,390,1421.07
425,9,0.03,0.22,473,5019.25
426,5,0.2,0.17,456,2115.83
427,9,0.23,0.19,105,840.36
428,4,0.28,0.07,439,1350.78
429,5,0.13,0.06,391,1791.93
430,9,0.27,0.22,483,3822.12
431,8,0.26,0.26,151,1118.79
432,3,0.1,0.25,470,1554.3
433,1,0.26,0.19,241,81.26
434,3,0.11,0.07,359,955.77
435,4,0.09,0.22,249,1110.2
436,2,0.19,0.11,282,561.69
437,1,0.1,0.28,482,433.9
438,7,0.19,0.26,276,1928.28
439,8,0.18,0.23,420,3410.47
440,7,0.17,0.29,188,1452.95
441,5,0.11,0.06,393,1832.78
442,1,0.16,0.23,354,331.61
443,7,0.18,0.13,198,1345.25
444,7,0.16,0.28,164,1274.13
445,9,0.13,0.12,499,4418.96
446,3,0.0,0.23,112,389.88
447,9,0.18,0.27,153,1489.69
448,1,0.05,0.06,388,293.46
449,1,0.19,0.15,408,436.61
450,4,0.23,0.24,205,779.61
451,9,0.15,0.16,322,2863.87
452,6,0.16,0.12,55,263.2
453,3,0.29,0.1,196,368.53
454,1,0.25,0.08,233,194.12
455,4,0.27,0.26,77,310.87
456,9,0.24,0.19,499,4096.8
457,3,0.03,0.07,87,300.63
458,9,0.04,0.15,168,1687.66
459,7,0.16,0.14,342,2246.31
460,4,0.07,0.1,420,1757.01
461,3,0.14,0.16,293,825.11
462,5,0.12,0.13,117,637.08
463,5,0.16,0.14,263,1255.04
464,3,0.22,0.23,267,765.94
465,9,0.21,0.11,226,1826.91
466,4,0.16,0.21,348,1464.9
467,5,0.25,0.19,213,989.04
468,4,0.13,0.19,107,402.09
469,5,0.27,0.22,318,1454.19
470,7,0.02,0.19,357,2873.59
471,9,0.29,0.27,107,907.73
472,7,0.2,0.22,337,2231.13
473,5,0.11,0.19,154,810.82
474,7,0.06,0.26,277,2255.51
475,5,0.14,0.2,296,1570.86
476,3,0.06,0.12,237,804.3
477,7,0.05,0.1,132,975.53
478,2,0.19,0.09,235,423.27
479,9,0.16,0.27,301,2925.17
480,1,0.2,0.23,404,453.59
481,6,0.28,0.28,287,1588.86
482,7,0.16,0.2,409,2860.92
483,8,0.17,0.17,233,1842.49
484,9,0.03,0.06,333,2988.58
485,2,0.22,0.22,434,871.47
486,2,0.12,0.2,475,967.69
487,5,0.29,0.3,259,1183.27
488,5,0.25,0.11,353,1515.17
489,6,0.16,0.18,345,2031.01
490,3,0.04,0.21,146,541.15
491,8,0.26,0.21,496,3609.89
492,1,0.24,0.19,257,237.93
493,6,0.06,0.24,419,2945.89
494,4,0.09,0.1,437,1743.78
495,1,0.24,0.23,471,446.07
496,7,0.06,0.2,460,3576.34
497,9,0.28,0.27,186,1516.02
498,4,0.13,0.26,416,1759.67
499,4,0.03,0.13,449,1923.66
500,6,0.24,0.12,233,1089.83
501,3,0.11,0.3,125,447.07
502,6,0.16,0.18,336,2082.84
503,7,0.03,0.28,424,3662.26
504,3,0.0,0.09,191,672.83
505,7,0.19,0.21,286,2018.44
506,3,0.15,0.25,74,175.92
507,2,0.18,0.29,339,668.0
508,4,0.24,0.13,116,448.02
509,8,0.19,0.23,299,2378.53
510,9,0.05,0.18,457,4546.13
511,7,0.11,0.07,167,1081.4
512,1,0.27,0.22,122,129.64
513,3,0.23,0.22,331,893.13
514,9,0.17,0.28,453,4192.68
515,1,0.08,0.17,497,518.87
516,9,0.09,0.11,409,3706.13
517,8,0.22,0.06,59,390.71
518,1,0.26,0.15,260,284.2
519,6,0.2,0.13,372,2020.4
520,5,0.24,0.24,201,959.26
521,6,0.23,0.14,54,337.18
522,5,0.04,0.29,244,1511.37
523,6,0.13,0.29,491,3413.12
524,5,0.05,0.21,332,1844.98
525,5,0.07,0.28,162,917.52
526,4,0.26,0.24,320,1205.23
527,3,0.14,0.19,212,713.6
528,3,0.16,0.1,154,416.85
529,4,0.05,0.16,230,963.31
530,9,0.09,0.19,93,994.44
531,2,0.07,0.27,331,742.27
532,9,0.06,0.17,224,2234.15
533,1,0.19,0.27,211,282.76
534,1,0.08,0.22,400,426.88
535,5,0.19,0.08,483,2081.54
536,6,0.02,0.3,389,2945.83
537,6,0.04,0.18,189,1329.67
538,3,0.08,0.15,181,627.5
539,7,0.18,0.21,136,946.26
540,9,0.2,0.08,225,1843.75
541,8,0.13,0.21,232,1955.41
542,6,0.13,0.17,417,2611.4
543,8,0.22,0.15,178,1255.73
544,5,0.0,0.29,295,2019.44
545,8,0.1,0.18,138,1250.95
546,4,0.25,0.1,115,373.1
547,8,0.18,0.16,207,1646.91
548,2,0.1,0.28,436,1073.74
549,5,0.27,0.09,427,1776.47
550,9,0.23,0.1,198,1385.25
551,4,0.08,0.05,389,1539.06
552,6,0.19,0.05,482,2486.76
553,1,0.18,0.26,165,194.03
554,9,0.12,0.23,263,2572.96
555,1,0.11,0.14,495,514.62
556,5,0.1,0.22,421,2375.45
557,4,0.19,0.15,343,1304.99
558,3,0.13,0.29,302,1027.65
559,6,0.25,0.29,192,1171.53
560,2,0.2,0.15,299,571.06
561,3,0.02,0.26,415,1563.0
562,5,0.19,0.24,485,2529.02
563,9,0.08,0.13,351,3262.37
564,2,0.18,0.11,74,58.92
565,8,0.2,0.16,326,2423.84
566,2,0.07,0.25,426,1001.18
567,5,0.14,0.29,427,2404.65
568,7,0.06,0.24,438,3579.1
569,8,0.02,0.26,119,1213.29
570,1,0.11,0.2,162,298.25
571,6,0.11,0.26,412,2812.18
572,1,0.3,0.25,161,189.74
573,2,0.13,0.14,413,812.75
574,1,0.1,0.19,352,307.73
575,5,0.17,0.25,140,611.34
576,9,0.03,0.06,67,594.07
577,6,0.29,0.25,198,925.33
578,1,0.19,0.09,276,269.36
579,1,0.23,0.18,263,219.82
580,2,0.05,0.25,409,905.71
581,9,0.12,0.11,200,1764.78
582,3,0.13,0.11,241,661.27
583,1,0.25,0.15,89,99.3
584,5,0.0,0.27,291,1883.23
585,7,0.09,0.05,187,1215.66
586,6,0.29,0.28,394,2136.54
587,1,0.14,0.09,229,225.41
588,5,0.11,0.3,249,1370.11
589,5,0.04,0.29,252,1571.12
590,6,0.29,0.17,110,476.71
591,3,0.01,0.18,241,872.89
592,5,0.22,0.17,54,224.64
593,7,0.23,0.21,427,2713.02
594,5,0.07,0.07,286,1393.99
595,5,0.2,0.06,230,948.32
596,5,0.03,0.06,360,1904.19
597,3,0.08,0.16,86,284.0
598,1,0.24,0.12,105,41.56
599,5,0.26,0.21,492,2285.14
600,9,0.18,0.3,286,2775.21
601,1,0.15,0.15,407,381.03
602,3,0.05,0.19,398,1272.13
603,4,0.02,0.15,246,1087.74
604,1,0.04,0.26,122,136.55
605,1,0.07,0.28,108,147.01
606,8,0.1,0.27,289,2672.98
607,2,0.11,0.29,51,157.44
608,8,0.1,0.06,498,3720.16
609,7,0.07,0.26,409,3365.29
610,2,0.15,0.24,237,491.62
611,6,0.25,0.11,356,1912.12
612,6,0.08,0.29,79,565.78
613,3,0.28,0.09,316,712.86
614,2,0.26,0.22,157,289.0
615,1,0.05,0.11,381,401.34
616,6,0.24,0.16,472,2397.24
617,5,0.17,0.23,139,729.94
618,9,0.17,0.19,254,2242.35
619,1,0.12,0.16,428,435.57
620,7,0.15,0.13,496,3291.18
621,5,0.12,0.26,497,2700.67
622,5,0.16,0.09,494,2305.48
623,2,0.19,0.16,430,863.48
624,3,0.2,0.28,487,1516.97
625,7,0.16,0.26,269,1902.43
626,6,0.22,0.15,427,2322.27
627,2,0.04,0.24,143,250.66
628,6,0.06,0.26,152,1047.11
629,2,0.25,0.27,272,561.44
630,2,0.1,0.19,235,536.25
631,2,0.01,0.1,233,530.32
632,3,0.05,0.11,211,733.14
633,2,0.07,0.12,296,644.63
634,4,0.29,0.2,80,171.69
635,9,0.17,0.06,101,781.26
636,6,0.28,0.21,394,2057.44
637,1,0.17,0.14,125,110.34
638,8,0.14,0.12,434,3313.37
639,7,0.09,0.27,488,3896.36
640,3,0.18,0.17,327,1061.21
641,1,0.04,0.07,89,71.98
642,5,0.27,0.26,150,807.43
643,4,0.25,0.06,160,451.74
644,8,0.1,0.23,434,3876.36
645,1,0.29,0.24,370,337.23
646,1,0.25,0.14,298,208.69
647,4,0.2,0.26,240,944.3
648,8,0.04,0.18,231,2092.66
649,5,0.14,0.17,475,2347.52
650,2,0.15,0.06,454,805.3
651,6,0.07,0.12,384,2281.6
652,5,0.02,0.28,258,1653.75
653,2,0.23,0.15,71,187.1
654,3,0.04,0.19,215,759.57
655,9,0.18,0.18,148,1402.06
656,7,0.28,0.2,257,1588.44
657,7,0.26,0.07,57,373.07
658,6,0.08,0.14,239,1565.9
659,8,0.26,0.23,224,1493.53
660,4,0.0,0.1,322,1437.98
661,8,0.01,0.1,66,505.85
662,4,0.18,0.05,139,419.67
663,8,0.11,0.16,190,1518.9
664,9,0.12,0.27,194,1935.69
665,3,0.17,0.06,215,599.99
666,3,0.06,0.1,386,1219.07
667,2,0.06,0.13,127,269.17
668,3,0.15,0.23,478,1535.38
669,3,0.23,0.21,311,908.45
670,5,0.19,0.15,212,1009.52
671,5,0.09,0.24,415,2255.2
672,2,0.13,0.2,63,94.58
673,6,0.05,0.27,288,2086.15
674,5,0.02,0.25,121,777.8
675,6,0.23,0.11,494,2466.9
676,1,0.08,0.12,192,197.27
677,5,0.05,0.08,359,1763.39
678,9,0.21,0.13,332,2718.68
679,2,0.19,0.3,318,681.83
680,1,0.19,0.15,290,202.83
681,9,0.07,0.11,464,4243.25
682,9,0.07,0.24,294,3070.74
683,9,0.07,0.19,212,2180.32
684,6,0.05,0.09,109,622.38
685,8,0.2,0.15,55,444.13
686,1,0.25,0.15,246,185.06
687,4,0.22,0.24,107,455.12
688,1,0.24,0.06,354,319.34
689,8,0.12,0.12,456,3603.23
690,1,0.2,0.18,266,159.38
691,3,0.11,0.12,467,1430.58
692,4,0.16,0.21,75,330.02
693,8,0.14,0.17,352,2853.98
694,6,0.05,0.14,54,360.68
695,7,0.12,0.29,69,504.36
696,8,0.29,0.21,439,3071.31
697,2,0.07,0.08,247,541.08
698,8,0.04,0.19,108,933.26
699,3,0.13,0.25,497,1687.18
700,7,0.24,0.23,291,1910.77
701,3,0.17,0.09,195,535.71
702,7,0.2,0.29,437,3148.07
703,2,0.06,0.16,322,698.32
704,6,0.19,0.09,298,1647.17
705,3,0.1,0.1,63,238.76
706,3,0.25,0.07,62,199.86
707,9,0.19,0.25,440,4018.73
708,7,0.06,0.08,433,3121.53
709,5,0.02,0.08,93,450.44
710,7,0.01,0.26,424,3731.46
711,9,0.11,0.14,448,4083.19
712,1,0.08,0.06,68,-36.68
713,7,0.19,0.06,112,593.84
714,6,0.15,0.09,288,1567.84
715,9,0.08,0.1,468,4283.3
716,1,0.04,0.22,386,418.98
717,4,0.04,0.09,468,1929.3
718,9,0.26,0.08,452,3289.31
719,4,0.07,0.24,453,2061.85
720,3,0.2,0.22,149,502.81
721,9,0.24,0.16,212,1740.35
722,2,0.18,0.19,465,908.59
723,4,0.26,0.13,171,609.63
724,6,0.12,0.17,481,3002.29
725,2,0.29,0.18,93,143.55
726,8,0.04,0.15,409,3655.37
727,8,0.03,0.28,457,4589.73
728,1,0.2,0.05,366,259.82
729,3,0.28,0.25,430,1168.68
730,9,0.24,0.08,194,1440.24
731,5,0.02,0.25,376,2345.48
732,6,0.08,0.2,412,2706.9
733,4,0.28,0.26,99,329.36
734,2,0.08,0.07,114,232.89
735,8,0.23,0.19,404,3020.55
736,6,0.25,0.18,337,1729.5
737,5,0.15,0.23,213,1062.22
738,9,0.12,0.18,190,1749.64
739,1,0.14,0.19,363,354.37
740,5,0.07,0.16,177,866.46
741,6,0.27,0.13,447,2287.29
742,5,0.14,0.17,470,2358.05
743,6,0.26,0.08,417,1985.59
744,6,0.03,0.29,288,2243.38
745,7,0.3,0.23,373,2283.96
746,4,0.13,0.29,345,1522.0
747,8,0.01,0.11,236,2082.95
748,7,0.01,0.27,257,2259.8
749,9,0.22,0.25,269,2432.89
750,7,0.2,0.22,449,3059.2
751,3,0.24,0.21,239,587.25
752,3,0.03,0.13,437,1343.13
753,8,0.01,0.25,478,4805.96
754,5,0.15,0.18,395,1941.49
755,4,0.12,0.07,333,1287.72
756,8,0.14,0.13,401,3121.12
757,6,0.3,0.28,286,1516.7
758,2,0.29,0.26,243,421.78
759,4,0.28,0.3,336,1337.15
760,4,0.24,0.21,308,1060.54
761,6,0.11,0.11,295,1729.26
762,6,0.12,0.09,185,1110.04
763,1,0.16,0.1,329,239.84
764,8,0.25,0.05,320,2081.86
765,6,0.02,0.15,220,1532.25
766,3,0.13,0.1,208,610.76
767,9,0.02,0.15,250,2510.59
768,2,0.15,0.28,94,133.97
769,8,0.27,0.16,499,3415.78
770,3,0.23,0.27,313,1055.68
771,5,0.07,0.2,120,676.89
772,6,0.29,0.11,413,1861.61
773,6,0.2,0.14,420,2321.12
774,4,0.0,0.07,152,693.57
775,3,0.08,0.13,174,496.78
776,4,0.08,0.22,362,1592.96
777,1,0.02,0.07,335,313.91
778,4,0.29,0.1,279,845.03
779,1,0.14,0.15,195,184.25
780,1,0.27,0.3,419,354.59
781,6,0.1,0.25,246,1598.71
782,5,0.04,0.23,422,2500.21
783,4,0.14,0.08,270,993.97
784,3,0.03,0.25,472,1695.09
785,1,0.15,0.25,109,119.97
786,6,0.28,0.2,147,686.04
787,2,0.16,0.3,220,493.64
788,8,0.18,0.13,431,3174.13
789,5,0.05,0.29,222,1372.28
790,7,0.01,0.28,200,1794.06
791,2,0.03,0.05,399,869.32
792,8,0.18,0.16,439,3345.76
793,2,0.03,0.29,489,1277.11
794,4,0.11,0.08,171,641.37
795,1,0.17,0.19,157,141.36
796,5,0.12,0.29,53,296.28
797,9,0.05,0.19,142,1483.49
798,1,0.08,0.1,456,493.02
799,9,0.28,0.2,55,434.43
800,8,0.2,0.1,337,2311.09
801,6,0.15,0.18,155,963.44
802,7,0.0,0.07,195,1417.48
803,3,0.3,0.2,320,760.61
804,1,0.2,0.18,473,389.59
805,5,0.1,0.24,427,2378.5
806,2,0.26,0.21,145,320.25
807,5,0.08,0.19,278,1473.5
808,8,0.16,0.22,251,2141.73
809,9,0.19,0.09,261,2119.42
810,2,0.07,0.2,55,49.53
811,3,0.29,0.09,161,354.65
812,3,0.22,0.28,425,1220.95
813,1,0.17,0.07,428,413.35
814,8,0.05,0.16,496,4323.33
815,6,0.02,0.22,372,2587.52
816,8,0.1,0.16,155,1278.27
817,9,0.23,0.07,188,1452.51
818,5,0.08,0.19,348,1895.33
819,3,0.16,0.21,450,1392.06
820,5,0.22,0.23,145,717.43
821,5,0.03,0.14,437,2340.56
822,5,0.21,0.19,496,2286.48
823,3,0.03,0.16,386,1303.3
824,4,0.29,0.22,346,1170.95
825,9,0.15,0.2,438,4106.06
826,9,0.05,0.18,465,4629.97
827,2,0.1,0.11,263,480.01
828,8,0.12,0.05,340,2527.81
829,8,0.23,0.09,71,445.33
830,7,0.22,0.08,242,1282.43
831,8,0.18,0.16,199,1611.04
832,3,0.03,0.2,417,1402.45
833,6,0.05,0.1,296,1883.96
834,1,0.03,0.28,316,329.68
835,7,0.17,0.05,300,1787.0
836,1,0.26,0.24,52,-33.43
837,9,0.13,0.21,442,4150.58
838,1,0.05,0.14,365,363.08
839,1,0.17,0.06,125,103.35
840,7,0.24,0.21,136,856.83
841,2,0.22,0.15,319,500.21
842,5,0.26,0.28,274,1271.47
843,8,0.08,0.19,67,659.16
844,8,0.06,0.28,162,1625.77
845,3,0.26,0.11,300,762.04
846,7,0.2,0.23,282,1975.57
847,3,0.09,0.2,378,1341.37
848,6,0.22,0.23,328,1916.66
849,6,0.24,0.1,251,1291.23
850,3,0.18,0.22,132,317.93
851,7,0.21,0.17,174,1070.17
852,3,0.11,0.24,224,739.98
853,8,0.16,0.13,118,855.67
854,4,0.16,0.27,96,359.75
855,1,0.25,0.07,421,293.73
856,4,0.25,0.25,305,1072.57
857,7,0.25,0.27,264,1720.65
858,4,0.0,0.25,79,411.97
859,6,0.22,0.18,330,1912.21
860,9,0.23,0.16,461,3745.74
861,1,0.2,0.3,286,329.25
862,5,0.23,0.11,297,1188.05
863,7,0.25,0.19,417,2611.17
864,1,0.14,0.22,74,74.29
865,4,0.15,0.23,123,528.92
866,6,0.04,0.1,255,1597.65
867,2,0.12,0.21,363,856.15
868,5,0.19,0.25,143,726.58
869,1,0.23,0.06,424,353.58
870,6,0.07,0.28,176,1158.94
871,6,0.04,0.06,474,2888.72
872,4,0.2,0.14,74,327.41
873,8,0.0,0.05,383,3244.98
874,4,0.05,0.07,404,1534.88
875,8,0.01,0.28,165,1650.22
876,8,0.05,0.14,97,927.0
877,5,0.05,0.16,275,1507.72
878,4,0.12,0.1,315,1235.8
879,2,0.12,0.2,148,393.53
880,3,0.26,0.2,60,152.11
881,3,0.15,0.14,134,429.09
882,4,0.22,0.13,454,1621.19
883,4,0.03,0.27,263,1327.22
884,5,0.07,0.15,222,1206.11
885,4,0.21,0.17,440,1599.39
886,8,0.02,0.12,258,2243.06
887,6,0.15,0.25,497,3125.65
888,6,0.18,0.15,431,2356.61
889,8,0.18,0.18,113,936.94
890,7,0.01,0.11,307,2362.04
891,8,0.1,0.3,381,3625.87
892,2,0.19,0.12,170,386.72
893,9,0.04,0.24,347,3720.29
894,1,0.21,0.16,103,28.71
895,8,0.22,0.1,380,2598.51
896,4,0.29,0.25,321,1105.99
897,4,0.06,0.13,290,1133.14
898,5,0.25,0.27,292,1365.56
899,8,0.16,0.28,67,572.73
900,5,0.11,0.26,236,1291.09
901,8,0.04,0.06,395,3177.04
902,1,0.22,0.25,193,124.3
903,9,0.07,0.15,311,3003.33
904,6,0.11,0.27,490,3416.55
905,3,0.02,0.21,413,1533.14
906,8,0.24,0.26,480,3709.87
907,9,0.23,0.17,288,2368.9
908,6,0.22,0.18,353,1942.78
909,7,0.09,0.09,347,2319.1
910,1,0.05,0.25,125,129.97
911,5,0.19,0.15,237,1055.36
912,5,0.15,0.18,382,1923.46
913,4,0.05,0.25,437,2137.41
914,6,0.21,0.2,295,1776.63
915,7,0.3,0.1,179,968.04
916,9,0.22,0.2,364,2982.98
917,1,0.22,0.15,460,415.75
918,6,0.29,0.17,332,1659.25
919,7,0.06,0.06,128,926.72
920,3,0.17,0.1,121,330.46
921,8,0.29,0.12,312,1988.15
922,5,0.05,0.23,240,1370.6
923,9,0.21,0.05,416,3090.05
924,5,0.18,0.15,424,2024.82
925,9,0.18,0.28,479,4424.4
926,4,0.21,0.08,112,366.37
927,9,0.28,0.18,429,3314.7
928,5,0.23,0.25,61,375.6
929,9,0.02,0.29,190,2141.87
930,3,0.26,0.24,303,893.37
931,4,0.07,0.23,92,505.46
932,9,0.11,0.26,66,646.84
933,6,0.14,0.16,112,642.48
934,2,0.14,0.25,302,640.2
935,7,0.13,0.05,425,2713.56
936,2,0.28,0.28,341,683.07
937,2,0.21,0.16,57,65.78
938,1,0.19,0.19,374,437.4
939,3,0.01,0.11,139,418.2
940,6,0.27,0.24,257,1332.6
941,8,0.27,0.07,341,2157.03
942,9,0.23,0.27,333,2992.29
943,7,0.0,0.26,167,1481.87
944,4,0.02,0.1,398,1737.93
945,6,0.07,0.25,224,1660.11
946,5,0.04,0.25,125,812.23
947,8,0.12,0.21,150,1279.31
948,1,0.28,0.14,463,358.47
949,1,0.14,0.12,200,247.39
950,6,0.0,0.11,449,3031.8
951,2,0.08,0.13,319,684.19
952,5,0.01,0.28,120,743.97
953,1,0.01,0.07,229,238.76
954,7,0.08,0.26,173,1396.42
955,1,0.08,0.14,430,435.47
956,4,0.24,0.18,342,1196.76
957,9,0.29,0.25,334,2681.08
958,1,0.11,0.27,244,243.48
959,4,0.13,0.14,448,1786.17
960,6,0.25,0.17,277,1353.41
961,6,0.08,0.15,480,3017.05
962,8,0.05,0.05,479,3877.34
963,1,0.26,0.12,485,356.95
964,7,0.01,0.16,324,2634.18
965,1,0.19,0.15,155,103.52
966,7,0.17,0.23,70,539.03
967,3,0.1,0.15,113,336.01
968,8,0.09,0.17,214,1805.93
969,3,0.23,0.16,76,206.37
970,1,0.03,0.24,360,365.84
971,8,0.07,0.27,334,3204.5
972,3,0.22,0.18,197,609.13
973,2,0.16,0.25,330,675.0
974,1,0.04,0.12,375,429.41
975,3,0.26,0.19,368,1011.13
976,2,0.12,0.14,213,422.8
977,2,0.25,0.15,435,694.96
978,6,0.24,0.23,455,2631.71
979,1,0.19,0.27,273,261.21
980,2,0.15,0.08,321,558.9
981,6,0.29,0.21,195,1087.09
982,3,0.04,0.2,487,1713.57
983,4,0.22,0.08,405,1377.56
984,1,0.06,0.1,79,33.15
985,8,0.1,0.13,94,804.92
986,7,0.09,0.09,324,2394.46
987,7,0.28,0.11,83,508.36
988,3,0.29,0.12,190,478.07
989,3,0.05,0.13,476,1569.01
990,2,0.01,0.24,367,884.65
991,1,0.22,0.19,423,375.75
992,7,0.13,0.3,270,2120.07
993,7,0.03,0.15,405,3133.7
994,2,0.21,0.24,71,121.48
995,7,0.16,0.27,229,1692.23
996,8,0.29,0.22,485,3348.62
997,1,0.07,0.15,416,431.28
998,9,0.12,0.24,469,4618.11
999,7,0.16,0.1,378,2448.84
1000,3,0.24,0.13,280,729.76
1001,8,0.16,0.19,452,3690.67
1002,7,0.18,0.19,87,598.1
1003,8,0.07,0.06,119,1049.03
1004,6,0.25,0.29,165,975.46
1005,9,0.13,0.22,288,2728.79
1006,5,0.04,0.17,384,2224.02
1007,3,0.2,0.28,490,1501.3
1008,3,0.06,0.16,197,524.74
1009,1,0.03,0.3,58,72.94
1010,8,0.26,0.18,337,2341.69
1011,2,0.14,0.08,437,892.1
1012,3,0.22,0.24,99,242.38
1013,8,0.09,0.22,387,3420.55
1014,8,0.24,0.24,54,470.5
1015,4,0.03,0.29,453,2287.08
1016,4,0.11,0.24,392,1721.87
1017,5,0.29,0.2,175,707.68
1018,6,0.24,0.26,124,730.04
1019,5,0.15,0.22,214,1108.12
1020,7,0.1,0.15,327,2330.72
1021,2,0.26,0.27,491,887.09
1022,7,0.16,0.11,373,2393.77
1023,7,0.23,0.23,349,2264.14
1024,1,0.23,0.27,339,378.21
1025,7,0.01,0.23,126,1113.98
1026,5,0.04,0.22,347,2078.82
1027,3,0.2,0.24,186,553.76
1028,3,0.05,0.17,155,504.72
1029,4,0.08,0.27,144,661.78
1030,2,0.28,0.1,184,342.51
1031,2,0.17,0.08,117,118.75
1032,1,0.23,0.12,196,143.31
1033,5,0.17,0.18,208,974.21
1034,4,0.17,0.18,433,1764.32
1035,2,0.03,0.26,212,494.34
1036,3,0.1,0.15,490,1439.65
1037,7,0.08,0.17,390,2949.74
1038,7,0.12,0.05,238,1520.88
1039,4,0.24,0.15,464,1594.3
1040,5,0.11,0.21,388,2056.18
1041,5,0.14,0.05,144,615.19
1042,6,0.12,0.12,230,1395.56
1043,9,0.03,0.1,337,3247.4
1044,2,0.13,0.06,371,674.37
1045,5,0.06,0.17,236,1242.85
1046,3,0.06,0.1,421,1297.5
1047,4,0.03,0.24,187,912.73
1048,6,0.11,0.26,179,1219.32
1049,8,0.23,0.19,243,1789.33
1050,1,0.08,0.3,365,390.41
1051,8,0.09,0.16,322,2599.07
1052,7,0.19,0.18,401,2772.91
1053,1,0.06,0.3,193,170.36
1054,2,0.27,0.11,65,7.09
1055,3,0.16,0.29,351,1147.56
1056,1,0.13,0.06,472,349.85
1057,9,0.17,0.16,294,2507.33
1058,8,0.05,0.07,464,3800.69
1059,2,0.18,0.23,156,403.32
1060,9,0.11,0.2,137,1336.22
1061,7,0.27,0.23,178,1096.83
1062,9,0.05,0.14,444,4325.1
1063,6,0.15,0.14,424,2374.71
1064,6,0.18,0.06,390,2011.39
1065,4,0.01,0.14,53,216.77
1066,2,0.11,0.28,376,864.34
1067,7,0.22,0.14,459,2954.11
1068,5,0.25,0.26,416,1868.76
1069,6,0.09,0.26,355,2421.87
1070,2,0.24,0.14,445,679.42
1071,5,0.29,0.21,144,593.38
1072,4,0.26,0.07,258,773.91
1073,9,0.04,0.08,274,2482.03
1074,6,0.22,0.06,397,2015.09
1075,2,0.1,0.2,370,811.98
1076,1,0.3,0.16,96,117.74
1077,5,0.15,0.19,230,1136.64
1078,9,0.04,0.18,155,1576.72
1079,6,0.22,0.14,248,1402.86
1080,7,0.1,0.22,435,3343.27
1081,5,0.3,0.24,155,713.1
1082,6,0.29,0.05,329,1440.74
1083,5,0.2,0.1,309,1395.4
1084,9,0.04,0.23,157,1641.02
1085,6,0.21,0.15,68,275.85
1086,8,0.03,0.22,459,4345.07
1087,2,0.01,0.14,345,755.22
1088,9,0.25,0.15,355,2674.45
1089,5,0.06,0.09,220,1136.63
1090,7,0.11,0.11,380,2583.14
1091,1,0.29,0.2,244,362.52
1092,5,0.1,0.16,61,245.2
1093,2,0.09,0.24,244,490.01
1094,6,0.28,0.26,332,1850.62
1095,1,0.03,0.19,418,475.85
1096,3,0.23,0.24,231,704.14
1097,5,0.3,0.13,499,1992.56
1098,4,0.27,0.15,354,1159.62
1099,3,0.2,0.23,193,500.78
1100,5,0.09,0.15,435,2329.69
1101,8,0.08,0.2,365,3159.26
1102,4,0.25,0.1,231,790.25
1103,1,0.26,0.2,79,116.1
1104,7,0.16,0.27,133,986.84
1105,8,0.07,0.27,215,2016.28
1106,3,0.03,0.23,333,1142.72
1107,6,0.03,0.24,330,2404.68
1108,2,0.22,0.19,145,116.88
1109,7,0.13,0.2,430,3178.23
1110,8,0.27,0.08,315,1992.74
1111,6,0.22,0.16,493,2665.26
1112,6,0.06,0.16,347,2282.33
1113,5,0.18,0.29,345,1756.03
1114,8,0.13,0.16,274,2091.52
1115,1,0.17,0.19,382,400.73
1116,4,0.22,0.18,410,1575.28
1117,4,0.24,0.21,423,1468.99
1118,3,0.25,0.24,91,201.27
1119,3,0.08,0.11,352,1116.0
1120,4,0.01,0.18,470,2214.16
1121,1,0.22,0.26,295,438.08
1122,2,0.03,0.17,257,637.12
1123,9,0.09,0.12,286,2665.19
1124,2,0.0,0.21,71,133.63
1125,5,0.2,0.26,234,1205.6
1126,9,0.05,0.07,291,2736.98
1127,9,0.2,0.24,412,3670.12
1128,8,0.3,0.26,332,2336.73
1129,1,0.02,0.17,90,110.26
1130,1,0.02,0.3,385,457.27
1131,9,0.1,0.25,211,2149.82
1132,8,0.26,0.24,209,1546.43
1133,9,0.06,0.24,138,1521.67
1134,7,0.11,0.09,371,2509.88
1135,3,0.02,0.1,61,231.01
1136,3,0.23,0.17,473,1270.4
1137,2,0.12,0.12,122,272.47
1138,5,0.23,0.15,125,540.93
1139,3,0.27,0.27,395,1127.29
1140,6,0.07,0.26,250,1794.11
1141,2,0.24,0.21,59,55.18
1142,3,0.02,0.26,401,1540.58
1143,5,0.27,0.25,275,1246.36
1144,1,0.2,0.16,225,185.31
1145,1,0.26,0.1,325,229.05
1146,9,0.0,0.18,88,949.47
1147,7,0.05,0.23,109,891.33
1148,1,0.12,0.16,115,135.93
1149,8,0.11,0.22,370,3233.48
1150,3,0.07,0.07,484,1475.31
1151,8,0.11,0.24,173,1666.2
1152,5,0.04,0.25,213,1279.98
1153,1,0.12,0.23,457,457.93
1154,7,0.24,0.29,460,3055.9
1155,5,0.14,0.26,435,2297.06
1156,6,0.01,0.28,208,1643.23
1157,6,0.13,0.28,106,744.25
1158,8,0.01,0.25,127,1189.8
1159,9,0.29,0.22,243,2017.59
1160,2,0.04,0.05,334,689.68
1161,9,0.21,0.17,64,555.41
1162,9,0.29,0.19,61,576.06
1163,7,0.25,0.13,150,976.85
1164,1,0.21,0.13,205,222.06
1165,7,0.25,0.29,389,2675.96
1166,5,0.29,0.27,174,830.62
1167,6,0.19,0.26,408,2486.38
1168,7,0.17,0.15,329,2212.55
1169,5,0.19,0.05,454,1959.35
1170,7,0.16,0.07,443,2780.84
1171,9,0.19,0.13,159,1261.52
1172,3,0.13,0.05,383,1036.3
1173,8,0.07,0.05,406,3122.28
1174,2,0.04,0.28,195,482.45
1175,7,0.02,0.23,265,2146.99
1176,2,0.08,0.13,447,946.45
1177,4,0.01,0.08,211,820.84
1178,7,0.17,0.18,177,1193.3
1179,3,0.09,0.05,363,1065.74
1180,2,0.25,0.28,381,771.08
1181,7,0.02,0.15,199,1603.53
1182,1,0.07,0.15,85,106.89
1183,8,0.22,0.15,222,1537.11
1184,3,0.18,0.07,469,1283.53
1185,2,0.02,0.21,71,113.56
1186,3,0.26,0.23,255,751.03
1187,5,0.26,0.22,176,825.85
1188,8,0.1,0.08,385,3061.71
1189,7,0.1,0.19,494,3704.76
1190,7,0.3,0.19,405,2320.62
1191,7,0.19,0.27,489,3456.61
1192,8,0.16,0.14,266,1978.69
1193,1,0.25,0.14,145,42.14
1194,4,0.09,0.2,466,2082.59
1195,6,0.13,0.21,478,3072.51
1196,9,0.08,0.17,213,2091.14
1197,2,0.24,0.16,197,345.7
1198,1,0.17,0.17,67,168.11
1199,2,0.2,0.27,343,692.07
1200,7,0.08,0.17,244,1849.54
