ad_spend_tv,ad_spend_radio,ad_spend_social,website_visits,email_campaigns_sent,season_autumn,season_spring,season_summer,season_winter,sales_revenue
28631.81138892467,25129.11762665231,45811.455034757055,5862,0,0,0,0,1,11878.222662611568
20491.344402703864,2406.5377800782776,30887.453118218273,49201,2,1,0,0,0,96043.2848
79446.10928591664,12728.740691885214,33872.090029480576,32315,9,0,0,0,1,78943.50871477775
81809.72193994049,21705.205216833172,35751.664695611835,22338,0,1,0,0,0,50293.38282767226
64434.70064321311,3029.9944843852254,44195.509043185055,31022,9,0,0,0,1,77880.09130055994
62390.79516116527,5097.400703682746,43622.56827,34665,0,0,0,1,0,74444.88687513227
89141.68079591679,14982.773411304783,45614.36234184881,17136,1,0,0,1,0,49448.131266383825
77116.15944,6146.123022807583,8322.194747903617,11553,4,0,0,1,0,37092.87118010228
22204.980333418185,20891.227770255588,15065.224566241768,37528,4,0,0,1,0,87032.53944119943
19266.085033569696,9445.414585417944,16584.936182978967,5248,3,1,0,0,0,22124.77982343632
46389.54025867604,15851.980295879783,23825.072564959035,32215,6,0,0,0,1,71879.22302586838
41600.89250175851,3794.6044342850396,30425.226681784265,42044,9,0,0,0,1,91979.47026143892
59692.43763173618,10174.019857085372,47407.824630718766,35704,7,0,0,1,0,92070.38081412912
18878.61597338016,15024.82729351275,10759.617529745881,18713,5,0,0,0,1,42532.82460772102
70226.33677698974,17061.260718186604,31760.121445668396,26503,1,0,1,0,0,56063.20259084338
49536.38048081673,24857.26022057054,10496.370123471377,29606,1,1,0,0,0,63317.98468060343
59149.919028266624,28370.450253347175,26573.42782088864,32367,6,0,0,0,1,66740.48582816562
66341.59640646109,14770.551600085699,12480.354749907041,44061,0,0,0,0,1,83825.86057313447
73717.36118820326,27504.988666077956,45281.53190693101,20922,4,1,0,0,0,50328.262874854176
69663.72219805827,5482.260665673001,27106.99301019863,21719,7,1,0,0,0,54900.457312590464
22187.128243360286,4085.509597164367,9510.797928414464,7915,3,0,1,0,0,23538.416829603524
16225.055932164023,24467.157369796456,43249.38199187062,48766,9,1,0,0,0,107313.27900871652
28059.767575764974,24984.634082290755,8580.655251301443,5002,9,0,0,1,0,33910.92423290103
5777.424531535917,28220.168241079315,18467.474912614718,23682,7,0,1,0,0,58651.47200853228
39206.507282576815,26893.84658738787,44377.16701832878,9908,8,0,0,1,0,42006.70441
18873.96580408578,5269.220680890371,9951.642661927704,12867,1,1,0,0,0,20234.506047846855
56558.69041797766,22404.795834790053,28213.87271346976,22389,1,1,0,0,0,46400.16804404665
86424.82659,29185.943622863466,15496.698995934872,48137,1,0,0,0,1,93294.78067425091
24020.155635563042,26465.240977353973,5269.320284124468,8191,7,1,0,0,0,26455.80742728301
17790.178576617167,3678.048508658609,19998.903001865903,38230,3,0,1,0,0,74841.42658687478
25291.388261623604,17165.821159556406,8701.204652404771,29942,0,0,0,1,0,65397.83511
97449.78711508153,7428.966608898295,3408.649016651264,10904,1,0,0,1,0,43319.29166773951
86541.32975763049,10407.973251633513,29580.340088286295,36057,7,0,0,0,1,85299.02301991591
55709.60558141522,11409.91362263664,33784.65819543011,17082,4,0,0,0,1,38408.73186876135
46273.56614396661,28528.743815223632,21587.99329492502,8913,4,0,1,0,0,33315.72419736212
22783.293817903148,7650.126437990863,18044.226203886163,5516,9,0,0,1,0,31682.55845929782
32386.218095802647,9386.542782100552,39988.04758710042,36887,8,0,1,0,0,85286.08534746557
64580.89645,3590.727371797998,19368.816571021263,7005,8,0,0,0,1,26417.75725094766
38792.057794004184,17237.170456569744,17518.275937262068,46341,2,0,0,1,0,95601.43429600068
74298.26436530976,22343.028644629958,33016.245960501976,32744,9,1,0,0,0,83246.23523722914
57913.882160468725,22308.583133191874,48415.919034930776,5052,0,0,0,1,0,35193.45053300403
94527.04554665159,2962.926060974705,5435.5947766041645,21518,2,1,0,0,0,43763.440075108636
19586.83514,29551.661287670922,41271.95185032169,9250,8,0,0,0,1,32568.92119302608
90141.43132417058,19302.765776268032,7538.42221,10141,3,0,0,0,1,28082.23601681229
21913.29374093811,14270.35068,20146.923197409553,15948,4,0,1,0,0,35881.052053993975
61454.93919838016,23496.694537403266,46772.85684474874,46985,5,1,0,0,0,100689.46018439549
9049.814638251506,15002.924447135289,37667.55262875447,19935,6,1,0,0,0,48557.79015590896
67072.10200202513,6501.426522760708,44980.074100994345,31224,3,1,0,0,0,72347.86366126474
39838.35729045854,19886.237238473415,17307.740245958164,5457,2,1,0,0,0,16326.111626216385
80579.12837063399,17863.37228369003,35799.88562673039,35042,9,0,0,0,1,80958.89116960585
6036.169439096424,9501.933643652681,32258.118744137562,43692,3,0,1,0,0,91173.82816746025
50626.3187,25549.411011497177,12019.753356444015,27646,4,0,0,1,0,74737.3915
14196.962410598517,6958.150826413013,41048.692302716954,11580,9,0,0,1,0,50445.92794800492
17166.929718034895,15211.71542,17834.0233,22482,4,0,1,0,0,45221.283395701845
82826.29975,3954.9475355995496,6641.785375791496,7160,0,0,0,1,0,25802.940367136773
62321.64950465782,5684.190531741447,46504.952881118035,10160,2,0,1,0,0,32572.236264253086
96758.23978391346,20914.36728106528,12744.916160121596,5216,9,1,0,0,0,29761.189530265943
70854.07383598732,7768.951262854909,19230.254551128524,13787,9,0,1,0,0,39614.81913454407
97668.51898157736,21327.23551385822,24449.110200699128,16315,3,1,0,0,0,38943.821419461405
54143.19013,12685.798375946628,25534.656875799228,13922,0,0,0,0,1,31082.16194
54863.09230919755,7034.1316354481805,16210.71531668193,47918,6,1,0,0,0,98016.65027289982
16204.573009246616,6582.563715,43226.249953588485,49439,9,0,0,1,0,114008.4563805826
36521.13192142332,23353.636849524617,46251.75488596448,6822,7,1,0,0,0,24437.233592487566
30879.561191558856,29027.506562646595,3109.268061711358,40019,0,0,1,0,0,77630.67994161647
87636.77958191339,28517.25763812179,4616.155185496282,38029,7,1,0,0,0,84227.74332371712
13255.347702725856,21312.818922421793,32530.621410887412,15788,7,0,1,0,0,49770.88288831177
50459.548131606236,8665.335806,49113.46478290281,21709,7,0,0,1,0,63896.37631495357
84590.03434158412,11887.10037,23282.18587365418,9133,7,0,0,1,0,38665.75477393016
53429.85966352996,16326.143270297884,16528.336656743148,14626,9,0,0,1,0,48943.47639832177
9592.868298720648,21950.09792272385,46027.44886449563,33321,5,0,1,0,0,71536.69332
63259.430829417564,28637.556081095674,11354.314068864831,46536,8,0,1,0,0,98544.44260270029
43790.51635663369,27186.31035925587,26648.38204618615,43718,1,1,0,0,0,78126.14149205816
72699.17923188803,19807.24092480797,10373.528147429519,40347,2,0,1,0,0,82157.25845591923
13415.437856937993,29910.762342968552,20809.775977416346,15930,5,0,1,0,0,38280.29296038093
41275.194593820066,15955.998498872736,18723.441977801183,30304,6,0,1,0,0,69391.37051030912
7270.008482867035,17401.33998131545,32591.44032672885,45943,1,0,1,0,0,90577.59349
41603.94744509085,10712.230558152256,23713.74233869657,18180,7,1,0,0,0,47562.96143772693
18500.342083797987,22493.292425933767,47375.86715,22990,0,1,0,0,0,46846.16873052767
26144.391297344187,14254.818302472446,8865.715557382213,11934,3,1,0,0,0,31353.578802937656
80412.22801693251,1874.6389708194863,46832.355233439725,45944,1,0,0,0,1,91073.00226275824
73217.97751460271,5911.503039861546,26254.23093585295,18069,7,0,1,0,0,50247.72610051791
50951.73568650857,5651.121168486163,46447.95243422246,24185,9,0,0,1,0,69115.06626119098
98121.89592622082,8989.200186507722,32797.08594684661,7870,5,1,0,0,0,30358.45431986015
77324.89343407436,3133.8210016455682,11697.874931352551,33527,6,0,0,1,0,85188.82339632612
13627.02815739495,5806.256336799173,23907.863458073676,20426,1,0,1,0,0,38497.445166429556
56043.209262493794,19554.657549411088,43643.39635471762,29201,0,0,0,0,1,56736.48528
69403.73338603842,26201.93775951184,21195.17043626552,9729,5,0,0,0,1,30001.097901480345
75317.15677448492,10744.154679064923,17914.471255868615,47876,1,0,0,0,1,91533.41826675597
64617.875590937205,8069.720545258405,33206.35333503176,27017,1,0,0,0,1,52342.51263942062
88911.96122599191,22779.574457705017,30980.571540535522,35232,2,0,1,0,0,69066.78512718524
80986.74512835758,19367.23595304796,47617.501247805965,16293,6,0,0,0,1,40995.28996839087
57624.56491783344,20032.978043809067,15025.359434871227,18934,4,1,0,0,0,50050.44346047847
87699.55241407918,7329.881558626598,23679.29697458221,47613,6,0,1,0,0,96874.56252
43874.44478741643,27962.21561125345,49181.95203357293,49051,8,0,1,0,0,102329.94036072776
11385.623111721441,26137.849165422213,23426.046231376262,6000,4,0,1,0,0,11535.331021730353
18409.11416097332,11735.043422090817,9734.248502,26801,8,0,1,0,0,63276.13676368571
99761.19481017806,3673.396888631065,17904.191667314582,38622,6,0,1,0,0,83651.4989
23705.050176067474,2122.439315,36651.660464393906,47106,4,0,0,0,1,99746.68193432993
89349.03928896801,22636.575805143453,33967.835187424294,22439,1,0,0,1,0,60815.16739944085
66545.44176346652,28472.013512983758,7164.114622070429,29186,7,0,0,0,1,64647.914263388426
7632.392790762346,19398.659926392378,26953.745269752028,44101,4,0,0,1,0,94900.94866147988
65528.92068531719,6216.7507916703835,38593.95320299505,12187,4,0,0,1,0,42168.153811917975
88306.25455757749,18255.96796000281,44316.013223665694,23680,3,0,0,1,0,64771.15077
20735.710297570295,8253.435144827268,13757.207423563297,47116,6,0,1,0,0,98015.00032338242
27216.288035599173,4010.527995965171,25817.996924547624,38606,8,1,0,0,0,80454.38651465237
29806.92387481601,4170.162836291617,42882.71406684646,22819,4,0,0,1,0,53294.03049
35654.86171010806,24718.729541190325,4160.690505141654,39430,6,1,0,0,0,91185.43641952139
76679.49218,3915.5399811462785,14208.099950266942,13832,8,1,0,0,0,38784.092398485474
13029.755510844325,27627.323917481295,11311.305924726417,10656,3,1,0,0,0,11988.277242463977
99127.02374054512,1349.0448235459762,21413.462003811437,44838,8,1,0,0,0,99991.96056
19151.818451275212,24621.55105701584,40857.24381289981,29700,5,0,0,1,0,78650.10602781919
88158.62640410218,6180.550590378311,21162.723340463715,41608,5,0,0,1,0,91834.46933
8730.516106507564,7728.491515205818,41721.85147959718,34704,4,1,0,0,0,75057.51721446976
15691.188023641293,25403.408653431212,27871.72463,33334,4,0,0,0,1,77132.95053747382
32630.31108472147,19383.450882919627,31943.12850372363,13404,4,1,0,0,0,36056.77070352167
90784.33517443198,5331.907638196668,3191.9481666350152,43549,9,0,0,1,0,104082.2180644803
92430.69507729002,1252.9126866506786,27725.472814635305,36354,4,0,1,0,0,78018.08418753561
6924.204381678359,5560.522640504678,2056.751437638917,46825,2,0,0,0,1,90473.88036132338
77385.06655783816,18355.67180929288,11395.08267542508,10156,3,0,0,1,0,40189.76911329474
35055.55480457743,6760.619550938548,12194.443134833711,19727,7,0,0,1,0,59499.74429975919
44824.26888432814,4617.942830053326,22769.00739918537,34822,3,0,0,0,1,70242.04104093074
58942.52940933578,11698.35709255149,24824.699469585335,29715,9,0,1,0,0,67923.59958890139
71369.62867441423,11055.018044674034,33777.37908080754,37888,5,0,0,0,1,80509.82098567182
7982.654672682796,6710.729319472259,2232.835233655253,25251,5,1,0,0,0,54960.658958536544
5737.1641223337665,6674.522858840078,47443.82984103468,20495,2,0,1,0,0,57795.15678664631
75975.51471,19687.16812019373,42607.89764064775,41094,2,1,0,0,0,85704.91219039293
96948.46328950285,26593.314295009928,26689.262830431755,45639,5,0,0,1,0,108190.59695737634
32559.444375675306,21182.55613899304,45729.42347352068,19210,7,0,0,0,1,42949.663686804706
94502.60584,15429.88552090943,12735.675586543555,32941,3,0,1,0,0,76046.27696351094
61157.183501690844,4265.192676219167,11493.35384,34801,9,0,0,0,1,78239.57222826163
17862.991623561233,20605.75981,17638.509649743017,26860,2,0,1,0,0,57903.08227175718
13375.40804585643,6879.504866550607,38752.60878188371,19588,5,0,0,0,1,43978.940844361954
64801.19939621934,12470.254500036013,22236.346552476953,21782,9,0,1,0,0,58829.25199839625
52940.37587792017,28771.27364913499,14035.214258627502,13135,8,0,0,0,1,45027.40919898944
54619.39948420551,5974.035605531418,2702.0073901119677,13240,9,1,0,0,0,29271.71224802704
64701.56737911649,21814.61928223733,41196.87555588701,31721,1,0,0,0,1,63719.641429021875
26414.273574589963,15491.764391488237,9365.360967973165,49446,4,1,0,0,0,104686.03801202223
29879.38201865318,21800.74095753674,14348.937883386414,38394,1,1,0,0,0,78505.63309989135
58435.01881640908,16893.00258697807,18553.392561841967,17752,2,0,1,0,0,31109.486865210733
42192.02714476727,23430.926680450393,27087.363615579732,13521,6,0,0,1,0,47470.669897663094
72260.71930181915,19866.35202082583,27282.178398617525,41525,9,0,0,0,1,91794.87302168648
25286.560395306966,9178.414673611689,45308.578453474074,37273,2,0,0,0,1,75510.18608345377
32117.942542171008,11481.141254098033,2978.5825126794325,23477,3,0,1,0,0,51805.149122035284
85529.47293742455,11807.073914759136,20133.68786728246,34192,2,0,1,0,0,72453.63231171701
48849.965823372404,29348.273090272403,12300.557367998374,45535,2,0,0,0,1,88328.93041432039
12067.110927487745,18291.012173514242,45908.17276088684,20336,4,0,0,1,0,50784.02107072878
86702.03374,24488.721810783136,49344.53453275894,9257,8,0,0,1,0,48533.47192538022
44927.968305966606,20133.56895242705,47235.55412677325,30726,3,0,0,1,0,72572.45509397268
54867.52027654603,17434.91592626014,10459.840398298407,38574,4,0,0,1,0,88566.492
66911.71211233293,1209.5516653168265,21575.869,42092,8,1,0,0,0,93688.40559125884
40248.881315227576,23402.584432893957,13209.601810758239,9869,5,0,0,1,0,33146.03002362351
98682.14060962816,9615.537948199308,22332.105175324315,38269,5,0,0,1,0,85603.22984185863
31345.745348743792,26932.121452549374,13917.641888634218,9580,1,0,1,0,0,23487.34935190749
69730.92994818301,29702.54745257018,32793.55749550129,34134,6,0,1,0,0,79051.71742219984
56795.006176109644,15456.22302048324,21403.916555996282,25995,1,0,0,1,0,59167.44207566826
55075.92879203645,18719.087341968305,39729.556554741626,46803,4,0,0,1,0,102387.96932675611
5733.864303576779,9167.681991690883,41742.771753259374,41453,8,0,0,0,1,88817.35618190166
76968.90912354486,16831.192850537856,11475.302912680538,47411,2,0,0,0,1,92466.66285770002
24153.380474889556,4308.402273812378,10439.034779533265,36528,0,1,0,0,0,62043.59278900934
75335.17377552677,20063.26242603681,21705.008339325796,7932,6,0,0,0,1,31720.708806412076
15901.69357605597,12945.989333620417,5652.532682309023,43648,7,1,0,0,0,95769.77264682877
47353.14503949644,27226.449489199378,47116.32657530611,45956,1,0,1,0,0,91370.29069791202
31452.968975006082,17558.741397189133,9715.817609896589,41289,8,0,0,0,1,86917.36719192818
24990.102339775854,20634.80608299763,29629.712304081437,28349,0,0,0,0,1,50407.19678908496
39685.36520591189,12183.230126236143,48441.40882501565,46370,7,0,0,1,0,110786.77499989074
80599.54451982792,3816.4046011334094,39058.36993521545,25529,7,0,0,1,0,75121.00849091943
13528.798500153109,22766.067134752517,48308.07686523302,8311,1,0,0,1,0,32259.184605738912
67788.63048920642,12922.050547952753,23302.14846144355,5201,7,0,1,0,0,30396.448466642978
26183.148953261105,25477.029354126575,45113.73220976002,43916,2,0,0,1,0,97392.23404015147
48779.85483,29576.885260639392,15424.817855643709,11451,1,0,0,0,1,25496.010805072172
63954.94494512415,1454.961497757103,44815.116209270665,48002,1,0,0,1,0,101689.9500220604
20201.027022028662,25611.915400385755,10398.387380561095,29922,6,0,0,1,0,74045.87095
93208.04065188814,15783.98631155541,27314.25983885607,31710,8,1,0,0,0,69822.80550421192
66773.12148626789,28481.377478248625,41515.44647568573,41847,3,1,0,0,0,84333.74354
58470.88131143287,21074.48338630593,10087.252456278446,9603,5,0,0,1,0,35173.43083826137
55935.20005752661,6800.118803426599,10793.198743278072,43504,3,0,0,0,1,92042.17317928969
75204.62612729793,11770.909505430507,20203.554118316813,9517,7,0,1,0,0,35320.93542739684
94522.33670782707,3653.0292754238085,45486.739039664164,31751,5,1,0,0,0,79938.13946
30608.850672498593,4673.141620580078,48696.89455333269,20782,8,0,0,0,1,50491.01090532157
10004.323271748432,20847.763835501144,31592.859683779698,31264,4,0,0,0,1,67217.57874
21238.11366504271,21052.231482370342,28858.92202347518,30789,5,0,1,0,0,70513.45237018804
51920.09657539564,26498.91537982062,39324.14600292606,37893,7,1,0,0,0,90882.35344191632
72583.23786,1472.5151362704373,27885.271630942403,44116,5,0,1,0,0,97657.77917411922
54097.25620587373,18259.675343960687,39107.38691190453,22540,1,0,0,1,0,56422.48209862244
26368.194211223214,15216.993936653094,17194.114494155896,13319,8,0,1,0,0,41278.33369
26859.79414819941,6509.145590990346,11096.423528340516,38291,0,0,0,0,1,73527.42609952988
95639.45539489246,4636.003375058823,35340.61496594625,42798,3,0,0,0,1,83279.37570789126
36919.58297230351,27813.653080178898,7192.605513378369,25027,7,0,1,0,0,52265.167998644465
69626.12735408038,15890.449713724702,31136.52051703557,44906,7,0,1,0,0,95363.71337794533
74751.46051,7675.668524702394,21475.48884068419,42346,5,0,0,0,1,89221.08114081429
41589.48678645502,10349.528561046365,9039.958167944736,46255,7,0,0,0,1,97871.24384730062
55349.59127,24063.77217530721,14129.391473751604,15145,4,1,0,0,0,38960.80091214923
15773.555981219974,23662.748045166078,31025.890176083936,29122,6,1,0,0,0,68807.47978827887
48067.34216,29381.31473538738,19731.866089752388,22179,9,1,0,0,0,64938.97313812955
9871.316599,3964.600721836834,46427.37887606768,43493,4,0,0,1,0,97188.57624479938
42880.708439687194,13358.994861353434,2538.906313540746,31491,1,1,0,0,0,51753.98582816272
91712.98775274144,7422.725995230291,17914.122947796037,29214,4,0,1,0,0,69382.89405396204
47842.31069889235,1464.1192593858257,46399.69592,49317,6,0,0,0,1,104134.85378980995
11337.424972695375,20291.17719154482,24049.952785694833,23234,0,0,0,0,1,42215.88467617856
99909.70740111913,25365.688256453308,15829.236614290701,48690,1,0,0,1,0,102686.66267193914
99952.87647682817,15583.112226146446,25564.871145862646,31074,3,0,0,1,0,72786.60506616691
37082.18681918757,21044.490680333747,42899.939620260775,24282,4,1,0,0,0,54977.83575
30426.392502970295,28458.240038529624,38834.311240920186,27969,1,1,0,0,0,62817.21988279669
50454.39740882488,18177.63109727589,31533.566384315225,46802,1,1,0,0,0,94251.76531
24127.17749646796,12991.656710292014,26573.212248545675,41789,5,1,0,0,0,92030.62757020872
75007.24105255057,10814.972793895346,39064.625463049735,10602,0,1,0,0,0,27316.393009570864
21822.131182297966,14042.004491456915,24331.93421,18050,5,1,0,0,0,45091.445390300905
19444.38712314897,12744.530906046757,45924.74595360612,24690,7,1,0,0,0,56713.25991516389
38552.31540640248,17567.26133946393,30541.492803605455,40884,2,0,0,1,0,96542.44369741464
42905.783140174135,10744.252856901125,3452.1192850774423,46490,3,1,0,0,0,89331.64264099266
93516.44663132104,23330.747807140106,5207.796101548526,39449,7,0,0,1,0,93178.68272731881
56601.39689447772,12184.255569785171,42027.57918260348,13373,3,0,0,0,1,34961.75712480111
48142.058631456974,22114.418325589886,16905.50978955647,20457,9,0,1,0,0,48081.867912808506
53823.931776802885,22321.485439762986,39538.54446309227,46769,2,0,0,0,1,92802.59710761136
93502.47992681508,18437.664406431228,43063.02815452592,26563,3,1,0,0,0,56866.99956819878
9742.428054140135,4297.275824038645,5918.235069685128,28420,4,0,1,0,0,60317.72081703944
87728.63702040855,29253.199776616788,8271.63502,33352,0,0,0,1,0,70337.33054924857
33747.581563497624,25107.73135590717,36306.44894948387,12364,1,0,0,0,1,28661.877626321577
58550.464582888366,26261.91235225701,41779.43395507117,14689,3,0,0,1,0,47974.77226726916
63214.246484415366,28449.694938748336,6601.143373444963,37814,2,0,0,0,1,67384.96798646005
24483.846432844584,12954.492900348374,11003.868812466742,6708,3,0,1,0,0,18444.696102266415
5131.106580517181,4690.254601029437,48174.94090695968,42179,9,0,1,0,0,90339.71001571472
41732.588589343395,20483.273565999032,12367.846554422069,34518,4,0,0,0,1,74798.66470085675
24015.29693237141,23464.53586653026,27046.569248483596,8832,5,0,0,1,0,32217.560185306156
36352.464940029095,20491.507626837152,43100.88769,12238,7,1,0,0,0,48007.04176634384
76220.93862712347,26229.537032657136,14821.563713476342,35914,3,0,1,0,0,74816.30987094578
49765.55482426505,7821.893607413332,25602.774528331985,10347,7,0,0,0,1,33556.30629039869
39535.21561552358,12644.025405145243,31234.417970910992,34528,3,1,0,0,0,74986.59336529058
97887.8669,24301.089875791644,38009.29097458389,28259,4,1,0,0,0,66328.34462593499
51925.773987835855,26456.548085721755,4188.502786013702,30509,9,0,0,0,1,71514.63593478496
83614.13534156968,16412.87660942339,46913.58274470675,9046,3,0,0,0,1,22217.216782964766
30903.240818283142,6939.770123929193,27425.594397160934,18077,8,0,0,1,0,54903.92868826724
89595.59965536294,26844.895403027702,6916.123821,47178,2,0,0,1,0,98765.82966924222
31679.56673595978,7808.924782212887,8238.780958,45992,8,0,0,0,1,99704.48987184868
31746.945983012123,18652.618149612306,34588.12591095706,49940,3,0,0,0,1,100831.48169295515
52960.449362562664,23732.56676434503,14035.03581041369,40892,6,0,1,0,0,88563.05191
46669.00207747193,12996.510825796791,36001.09432,26666,5,0,0,1,0,73041.36808611019
46786.566556229125,28865.338972915004,49996.61887901466,13247,7,0,0,0,1,36100.126795099946
57157.455300312904,9015.012690682059,14460.495092905678,22814,1,0,0,0,1,38259.99327825768
98217.43618,9500.236035135182,3475.5836803701022,39330,3,0,0,0,1,79658.03465247841
68741.23462280544,27104.24950197294,48070.93598073741,13456,1,1,0,0,0,30656.25620692118
23428.685813137734,11525.50715799398,32251.363072107375,6977,3,0,0,0,1,15726.058487010412
38875.88576946397,14796.06108586775,19053.76318095991,17263,8,0,1,0,0,43103.50339822046
44559.78426659421,4319.660708404903,36516.24429842519,29545,5,1,0,0,0,62519.034830925564
87467.71896308895,24530.444057483237,27695.89588456053,34109,3,1,0,0,0,70693.98154206392
56009.44786902094,3567.0017537035897,8466.512582619886,41181,4,1,0,0,0,83536.88138859111
25021.577502754695,12773.508124991064,7491.707009818036,30366,9,1,0,0,0,71321.77397230906
74777.78270470895,27928.27774930477,25398.160986881547,48097,4,0,1,0,0,98437.20628012632
90440.02441300741,19921.73890994653,20571.69250249902,29671,5,0,0,1,0,72954.38808739427
95632.21956,23275.696125838265,12686.398163295105,44751,8,0,1,0,0,104334.17935158493
51707.22126127605,28091.702364980974,30005.440990860105,47372,1,0,0,0,1,90664.59830322546
30226.29817239537,29255.813035530333,26579.52727224543,44336,2,1,0,0,0,87489.23075879112
64533.343222808275,27913.30735530938,48184.94076352772,36665,5,1,0,0,0,86842.12282351914
70431.73672,24630.590217561006,36991.34903667791,44877,6,0,0,0,1,92032.36028573386
20831.00947453226,15375.562749641214,33554.79211127414,37332,8,0,0,1,0,93205.84926137544
70490.81042752249,26964.14739018256,2475.9195536675466,40165,7,1,0,0,0,85727.36459835757
67753.61578260516,1018.8365290664976,45948.16493870759,15294,7,0,0,1,0,55179.914820328086
26652.588898836628,2205.667371536845,9555.711414068192,45800,6,0,0,0,1,94016.02182335072
61193.48720518219,28413.550660339788,11544.693325151253,42209,4,1,0,0,0,91264.16575769288
46138.04445429727,17897.23524,24870.723550609742,24837,6,0,1,0,0,59191.705544562334
30433.83301238939,20074.628249701505,46435.05072824337,16227,2,1,0,0,0,38339.29517764024
74704.63436580173,11354.519821698397,21246.745303687007,17172,2,0,0,1,0,47962.46144530354
27448.55497042698,10236.484665991395,8883.737577,31427,4,0,0,1,0,67687.36205761196
50787.635148149195,18037.612901667857,19215.093749403823,34088,5,0,0,1,0,86784.48358792985
93542.24278239954,23225.730995941336,16490.936151855545,34409,0,0,1,0,0,64709.85918960667
92747.89477919602,19254.72342484651,7705.181201936375,44614,3,0,1,0,0,78662.15008096144
82697.34928637424,15818.716873916721,2500.184509863045,46560,6,0,0,1,0,95081.36739331095
44606.049288707974,4157.454946719101,34415.058032846246,20502,5,0,0,1,0,57841.60598404381
58774.69258866675,6736.9412199215085,9528.353347244229,46814,6,0,0,0,1,98327.52163872196
69368.94176702635,25100.459745296346,11069.409008181185,47070,0,1,0,0,0,92743.25120309593
54726.497682797555,22949.44102342167,7625.233044748379,11108,9,1,0,0,0,39936.22339234677
41661.540654900185,4876.965098197106,32529.578239756655,19591,0,0,0,0,1,36844.58524219107
24685.041469222044,19134.144877854225,20375.509117890935,32306,0,0,0,0,1,59966.34323995514
84989.11021172449,21677.76090089184,26811.05688976234,39593,1,0,1,0,0,85778.44715002151
96723.33396014506,14167.70572079786,41330.332547187456,35266,5,0,0,0,1,77933.61262717244
9086.481716550185,22957.704953215336,30772.059547932848,6968,3,0,0,0,1,20080.241080392545
30887.06865271693,21140.487357544494,17462.719628592535,27977,8,0,0,1,0,76629.33215131314
69147.71757224022,6545.068365647307,32531.412749020416,34073,4,0,1,0,0,70979.45720010984
45195.26150267011,29310.59321773355,34728.92267743857,11548,8,1,0,0,0,38182.471675874454
94215.99248793596,24520.82227964462,40219.81524899977,43634,3,0,0,1,0,104171.11265191711
63541.57331937372,11979.845964303753,22773.963749654533,17353,6,0,0,1,0,61639.06984553324
54916.945905065535,8367.188715347726,20819.513032380775,14523,4,0,1,0,0,36536.64453635257
17263.825040795215,26486.11647112468,9570.557070254832,5727,8,0,0,1,0,35989.83876812306
78127.51782748975,1224.059561388031,5861.042139707848,43133,1,0,0,0,1,77191.44632
41701.60553711216,6831.595104815949,27045.792430979873,22880,2,1,0,0,0,48813.83579649192
16327.46465508903,2366.5719904712796,30660.8221,42791,7,0,1,0,0,82275.83186248057
8571.46421,29138.83078044201,24289.63979120863,47177,4,0,1,0,0,96544.91564964251
54012.072743518285,18769.184978977642,24999.811191368153,44481,9,0,1,0,0,100045.1891936433
57362.283871644795,10120.921391464362,47170.96902270697,7618,9,0,0,1,0,43367.71290305646
68886.64813017772,9488.699112,39937.65225,20985,1,0,0,0,1,47499.821653702784
79223.02124498716,24321.512306120305,23932.963821527163,27966,7,0,0,0,1,68877.70629
44998.10102431691,5465.206571017711,22114.39100939006,44355,2,0,1,0,0,91796.04093273469
62051.416794943994,7074.314984679934,49792.33894,49067,0,0,0,1,0,103696.52373683122
40467.11843507086,17628.666831849347,30984.556974313688,40755,5,0,0,0,1,88432.03476758028
14391.850991398947,22848.122497113356,30815.36282,20168,2,0,1,0,0,48219.37306
91530.65912741233,1506.4602303811303,32112.63897282392,10633,6,0,0,1,0,40212.095936016405
61969.62953309013,21333.004031736546,47797.84065349016,33417,0,0,1,0,0,69038.43760712045
58316.30551469561,23199.27484048848,28425.72774662393,28721,9,0,1,0,0,67892.67749189028
86251.31262326399,16623.659882175474,32005.91469174365,46196,0,1,0,0,0,91448.91468099404
58306.003830291396,14772.367037165503,34293.46843535369,21251,7,0,0,1,0,64575.84451340772
84982.54753264909,25447.684747709092,39800.95217905324,16200,1,1,0,0,0,42542.81365635186
77214.67827145773,10312.525621152652,21685.6172,45371,6,1,0,0,0,96873.27412312981
70023.83227406119,4362.138702939059,9169.396597566105,33475,6,0,0,0,1,71145.56157504613
40886.066795001585,28427.072410596582,18042.55808848732,31201,4,0,1,0,0,65581.63286763776
22530.805769754235,15881.662320307496,43294.50457351433,39836,1,0,1,0,0,82065.8929
60622.074381457154,2544.971881119646,12548.277772992842,14979,8,1,0,0,0,44315.05992641272
33066.930211717015,24251.049194419717,43232.46379493399,35987,7,0,0,0,1,77438.00069030935
51426.04409817695,24839.784717271745,25931.39271973191,40465,2,0,0,1,0,87928.0543
44161.58562964659,15327.234618654138,7535.820816908194,41216,6,0,1,0,0,88909.77529843117
37058.56514391214,27233.097189599604,38973.571263645856,6259,7,0,0,1,0,39446.67459207122
76369.36879623054,23782.53888243634,11055.71987791728,40748,1,0,1,0,0,85727.23234514275
65830.55026759792,22169.791550482423,26736.051848160187,10871,3,1,0,0,0,29447.221595766725
37891.46250139866,26351.164046671827,6589.814768411759,38872,0,1,0,0,0,74989.97843473282
17375.386396570124,21806.296407966307,8950.106254490101,10649,6,0,0,1,0,41574.74629905983
96261.40185405844,22338.42105256323,24509.801682032845,32865,6,0,1,0,0,79787.96102289073
73617.20954092238,2533.4568303100705,38983.40323397606,39109,5,0,0,1,0,96204.98232
37106.99657469931,9170.644848384578,28648.19482974216,16390,4,0,0,0,1,29426.611938770184
96922.70828840112,22047.092370864157,29892.73058890583,29096,9,0,1,0,0,78618.16386291444
20390.43417,27192.653920665933,41634.947662880695,14041,4,0,0,0,1,40681.956561074294
57683.95881950128,10084.013177065752,49511.86370077905,25699,6,1,0,0,0,59565.97811191176
36981.222656470316,6354.105507974426,2372.900744,35573,8,0,0,1,0,85885.05125998377
93234.80520514362,14386.569680134364,2003.4664176069618,17628,0,0,1,0,0,36753.21648499907
85584.92771117698,25692.138035048523,41206.05624642586,42135,5,0,0,0,1,89383.31722742743
28617.59262109669,1430.4483760049116,6831.627789,17771,0,0,0,1,0,45198.52322708661
91112.83221,14509.522494887928,25854.546804367303,44138,5,0,0,1,0,99513.84874729111
74226.13833,1797.4001765033372,42044.04553959748,13133,9,1,0,0,0,44931.672943452184
91646.42442,27088.654598637062,46327.25188,26757,9,1,0,0,0,68712.14097198413
91281.97948945125,26414.39289675707,43371.51681610175,29850,9,1,0,0,0,79551.95097726384
79593.16037381279,6118.509525,17673.28363607292,30619,9,1,0,0,0,75090.79211220275
49170.50388860816,19151.946541307745,10336.284590868336,14330,9,0,1,0,0,35245.52340824477
80451.04452016974,23101.48567165178,17502.27059231008,37789,1,0,0,1,0,80659.37853813387
45843.52362646167,24769.276766627925,43388.61681093248,9760,9,0,0,1,0,48437.807452150046
90213.07857775688,28602.228387097668,2575.1349890100064,13435,0,0,0,0,1,30547.84010510616
35526.16497346233,22885.00875107077,4263.496920447296,27216,6,1,0,0,0,61292.10031307449
39117.881166327905,22697.190722380674,28856.22124832688,24180,6,0,0,1,0,66323.95215583185
45188.338984284586,25859.172568081103,41206.44939186996,40983,6,0,0,0,1,91210.63328326652
38046.19756017598,26853.44855286091,20607.670741890965,46242,2,0,0,0,1,92239.20313
85521.52027108548,2428.7608544586465,40467.22952435187,49255,6,0,1,0,0,104446.87683490948
74144.05409360303,11607.650431954225,12497.163535855809,18142,6,0,0,1,0,54179.195385914034
65146.62354221006,20040.359299455577,46370.24103875032,46518,9,0,1,0,0,98025.85545866408
28742.246319276033,13277.759719383937,42861.12334569236,49245,4,0,1,0,0,102793.10735185815
23300.648434920047,4359.862470398189,27273.00224939281,39085,5,0,1,0,0,88609.08677018518
97781.46799513527,3776.732922583403,28279.162515111708,28199,9,0,1,0,0,66141.23107271621
78721.45235,3634.4788714675124,11963.164743874184,19165,5,1,0,0,0,44855.41404522492
11974.876620304667,13522.970461810963,47097.22062151025,18973,6,0,1,0,0,51206.25484708234
75458.71042,6324.497470645483,26235.538709786953,15761,7,0,0,0,1,50247.90867854738
90511.29169900401,26520.20873,22451.319056918113,19892,4,0,1,0,0,48585.78064743273
56936.993514892354,24977.819096078583,37064.64787740106,45583,0,0,0,0,1,82746.56829907703
48569.55573374071,17717.612389440634,36890.59001044625,16315,9,0,0,0,1,45192.88274100999
15083.80561754218,18972.390772932224,24118.132635588292,9432,7,1,0,0,0,30332.46323374088
68016.80505919106,17645.641711665503,19403.16658650045,17328,1,0,0,0,1,30639.09270612243
73433.10649,10612.992281997142,4767.3929521176215,41792,8,0,0,0,1,88534.16503905474
98342.07917817081,3703.3663975997633,19137.04719,8313,6,0,1,0,0,34195.481764747194
79062.61281837412,19333.524051190463,37912.08742535272,14591,1,0,0,1,0,43047.32859159704
64156.292993379124,27603.559228093796,27522.096945318593,13900,0,1,0,0,0,38966.723672094624
5116.817805156569,14818.742706871359,44033.36164323253,8920,4,0,0,1,0,36175.17198694891
92883.50663575708,22729.698847921994,4980.367026079963,17127,2,0,1,0,0,39287.54729
89239.24403,6220.904157492183,10029.178275131608,33716,0,1,0,0,0,66751.15897409085
33475.69029400271,1114.2448122219153,25274.15027862554,33927,3,1,0,0,0,62542.70075951231
80783.57277659974,19478.303080067963,7107.642948916732,21534,7,0,0,0,1,54602.18416725713
94638.55720189554,10220.773255785554,2744.633191338805,32423,5,1,0,0,0,70726.02615831284
64156.574827335135,16524.73581886331,28760.786257889962,23107,9,1,0,0,0,49382.64390019905
7951.414522557869,1916.9688575991092,36029.99258971585,19393,6,0,0,0,1,47796.34706502237
11750.860541545593,24786.56260501363,14113.531790433257,21874,5,0,0,1,0,61181.762281645475
20402.986348501083,11541.051209507457,46644.167919592044,48523,5,0,0,1,0,108132.28349515192
78054.49356544175,11807.622229795397,20098.42926,45813,6,0,0,1,0,102347.96372304251
68993.30999600452,23611.18988828619,40751.47471599135,16776,2,0,0,1,0,51494.39888806702
77472.63239099293,25057.919034809325,22333.30332883033,11427,5,0,1,0,0,38502.946077410976
69843.25800966448,16050.794075440768,34221.833645831546,41195,6,0,1,0,0,89169.96868320541
27216.601320403475,29012.301100372835,4605.1364590068915,6609,9,1,0,0,0,29667.29450367595
45517.55389917575,29528.777503084046,34871.95158027873,48258,9,0,0,1,0,111629.27394883755
79624.65760603071,23631.370114364938,20135.946455218946,11041,6,0,1,0,0,37443.076078313185
81285.91269124912,25822.31823687599,9236.778484531085,30242,8,0,0,0,1,83098.36117498773
50806.5631,29113.548350898396,7242.979507187228,18669,3,0,0,1,0,51271.77188848084
12183.870491656875,14643.108800447944,31058.750379897876,31579,1,0,0,1,0,75052.48064724868
20691.654025790325,2097.2734022209543,32374.727819167423,10126,8,0,1,0,0,38283.76453254671
40855.45587962617,10167.215024684509,31626.16906135125,30090,8,0,0,1,0,83617.58030849158
40679.86334240835,9135.425691953911,47372.15680385427,30225,6,1,0,0,0,68040.59241117943
99027.44293,6461.579038623956,21666.688242838118,17454,8,0,0,1,0,56552.61378766194
86844.81494481122,26715.81139577747,7116.922858967353,45509,0,0,0,0,1,87459.02480198641
35611.99520260317,23555.58260797058,46031.87258386979,44919,2,1,0,0,0,90331.62527279582
88838.49557118764,12474.720169981149,39534.27289488232,23739,3,1,0,0,0,57141.327299247176
44646.49055452622,22771.62908316615,47495.89926499249,44140,4,0,0,0,1,96099.07713144922
45257.54277758334,26549.161570572775,26009.478795677373,14198,3,0,0,0,1,36816.67662889218
79164.66495444418,26069.707285396955,48098.120697510916,21888,6,0,0,1,0,61985.18660573982
8482.408181512375,21155.51460250026,40511.839235740386,47514,7,0,1,0,0,102036.07010640677
73889.80048,19523.677730483072,30666.36475994201,40527,5,0,1,0,0,79956.24393071258
58677.83997807833,6189.896863,6379.240643539054,20039,0,0,0,0,1,43877.623835912695
24240.973256284316,28165.579279262718,29258.787326987713,23903,9,1,0,0,0,68937.13068
26794.277561653755,10556.22413567864,44403.101427605405,18250,0,1,0,0,0,41915.93295179336
22482.39376769433,3002.108595705362,28678.564916269293,17500,9,0,1,0,0,44603.77738
22956.822539954934,28690.18548194882,34826.05678000592,15865,2,0,0,1,0,42734.09880281696
41233.718971612325,3490.644626262623,28583.109847515992,15887,2,0,0,1,0,40564.02140671247
57361.10840979089,4499.681368035901,4767.6186503938125,46734,3,0,1,0,0,85274.82939977995
17568.78052494337,14163.98614485514,27340.065984640856,41566,9,0,0,1,0,99828.90158545235
10781.416817675828,20926.62002660297,4754.357207,14569,7,0,1,0,0,43674.640146886355
72585.58295838979,15898.835452413672,8759.41948,25442,7,0,1,0,0,59200.55649720561
55448.70010103614,21614.54375154814,11250.06907,39884,3,0,0,0,1,80709.55161464916
90934.82239,5893.0646771685815,32036.570168981732,30076,6,0,0,1,0,71865.18175395817
15827.472500885218,12886.514303940929,25069.58437157113,18944,4,0,0,0,1,36872.78621085995
14566.287921566201,13173.826215610263,21849.14954062285,42011,9,0,1,0,0,95861.10106183824
15757.351322406748,6465.946151525799,33671.11456490726,21349,9,1,0,0,0,53521.210791392325
46283.656491571746,3949.316432155153,43936.60032978178,10008,8,0,0,1,0,48360.41554432159
93783.01192253536,21802.595391480307,37607.30635417611,19115,4,0,0,1,0,59091.946909113896
84454.02717893884,19986.453163205184,31147.253675763917,35947,7,0,0,1,0,88030.40929546583
64578.91858281809,9537.698468622139,2828.7237159191927,22211,8,1,0,0,0,61382.51708099322
30684.992423353466,21658.68008844606,19649.737504253382,14240,1,0,1,0,0,34077.460708612976
43302.1149,22040.52186013264,22665.76563770078,23295,6,1,0,0,0,60231.71524890143
95320.94179274174,5897.496689446786,28232.462465740395,37897,3,1,0,0,0,79108.91238181246
11272.088907924972,22969.27124848934,24473.815650315042,16940,8,0,1,0,0,44539.52797224253
84592.79187,3776.981261564029,37477.640262151785,14029,3,0,0,1,0,36600.76192
78389.14585220808,28413.352250292148,40470.921767891625,12389,8,1,0,0,0,40846.56448683023
90350.86076865518,5939.289024033213,19557.86790503263,39284,1,0,0,0,1,75609.02775213607
86534.31919336022,23461.375203046297,7894.662122130178,18610,9,0,1,0,0,52278.93110080388
65363.000995457754,12297.00528062085,48340.45988755059,49969,4,0,0,0,1,96139.87910458242
14706.060799496954,29533.010258349666,47647.414431447185,44951,9,0,0,1,0,104553.14682183217
26428.448211958377,7669.524466600253,5524.053907990712,24412,3,0,1,0,0,45075.94082295617
98982.465,7395.242145809721,37921.222446347274,5068,5,0,1,0,0,18444.963873695142
66558.00509749477,10934.255736457275,35863.60340840355,20746,4,1,0,0,0,56089.13326
46044.38088882678,16998.451036350878,48694.31580141501,29649,4,0,1,0,0,64181.99775097238
23680.931999327237,19603.927323550368,10271.073666553517,13657,9,1,0,0,0,46419.883856564185
12375.547150936432,22078.490099235998,34759.80838665106,31094,8,0,1,0,0,70397.64866239192
53697.73915191296,5036.554652267961,21139.481844336788,12883,3,0,0,1,0,45518.02492621752
19575.496882391504,20468.24409059069,43013.25457331096,43553,2,0,1,0,0,84858.95578238684
46129.564571298986,13547.188808645873,22975.20752191746,15818,7,0,0,0,1,43576.93728119622
95639.83434759203,14562.178532120079,27989.728436300295,44776,5,0,0,0,1,98867.63559243933
58964.31473710998,6127.937670794223,22786.83604092027,25710,4,0,0,0,1,51307.45222518367
51925.811332558704,16724.53334391811,29512.531925783987,43474,8,1,0,0,0,95564.66534280631
45562.639348095276,16875.96669458267,15107.991590591035,12572,5,0,1,0,0,24423.948840984907
55071.18188650785,17293.387206214647,33690.059644835055,29619,7,0,0,0,1,70450.66272
64142.991916468585,29067.36758541361,6071.711129953007,20521,1,0,1,0,0,51427.49214096443
82872.92329055243,8645.103040826845,48390.52931042243,42916,8,0,0,0,1,99659.25259375965
44415.54176797349,13226.47375772328,22335.373714961886,35533,2,0,0,0,1,68269.60947610394
49945.53298033361,22980.63909426237,25504.210000838095,27483,3,0,0,0,1,60379.192274196546
69087.23486760369,17741.606568762025,33321.68430208009,27534,4,1,0,0,0,60628.95102634192
62223.198273210946,9798.368246,42529.88857497889,49566,0,0,0,1,0,105818.74501032293
38645.34641,3221.1944649491047,26215.309754182763,32852,2,1,0,0,0,67679.35667
26996.210207908716,11651.968459382453,11102.121872669142,18910,1,0,1,0,0,36395.72046368884
89223.90329711432,4122.995450857439,18789.097340359513,42473,9,0,0,0,1,94710.30562959083
81462.68848315181,4652.678663980458,4035.082486103114,14253,6,0,1,0,0,39960.76619073586
87388.80549466066,1732.9238991106222,10488.799700565669,13971,8,0,0,0,1,43286.480900438655
83164.51494719251,10465.368704954166,41899.11187902655,33005,8,0,1,0,0,79947.77312218775
42515.980310043386,10718.004663105956,36771.80463713984,37318,0,1,0,0,0,72536.20040908881
15665.71745623284,3922.0809250262714,43570.06693492136,41931,2,1,0,0,0,85744.50407877786
97492.90376,6450.529512913451,28721.012812323457,20234,5,0,1,0,0,49769.06496904015
26509.035365646305,4696.919448821931,2214.811830999892,5612,5,0,1,0,0,20207.03434187652
72424.22210194575,28377.142730982625,39906.56292123931,39438,0,1,0,0,0,73691.83893
22149.941340030764,17489.49879446566,37211.65908378342,36845,9,1,0,0,0,84165.12171692225
90442.86496351122,2369.506244,12296.457479207696,47229,3,1,0,0,0,94485.20335952529
59523.130069204635,13561.881432461989,9891.874576,38136,5,0,0,0,1,78657.57267014077
28549.04499987795,15868.058593609014,15060.819874813971,33105,4,1,0,0,0,74838.88219
43202.03056,29563.783869583545,5191.539193657008,13035,7,0,0,1,0,38970.95209217322
96651.49796577496,28146.08708,44425.858290061726,15682,5,0,1,0,0,48629.84845377466
78527.56040590713,25360.757122084065,15222.13954,33837,5,0,0,0,1,72665.30973231563
99602.10910510295,20625.569088000422,30358.167058974188,18783,3,0,0,0,1,48388.888828472336
28313.817712637865,25854.938835653968,22750.09159206511,47790,6,0,0,1,0,109053.62277811283
44619.67445718113,17775.929321642332,16949.30503163186,42401,6,0,0,0,1,88617.19108126628
19564.638431730025,28567.266703133188,20507.878551699367,6075,6,0,1,0,0,27410.620177031476
72062.08308802392,1640.5521412507428,23913.174354061393,48974,0,0,0,0,1,89412.87583020075
46096.15237562357,17520.411707491043,38883.90722666282,32283,5,0,0,1,0,79059.94702
13214.360696712492,11316.293035199033,30496.863280288577,22785,4,0,0,1,0,55524.55684276278
27536.77087418423,24032.367880796613,5014.2139291525855,11279,1,0,1,0,0,24066.789950775383
78516.96867225683,11138.351732566274,40309.254129349494,48074,7,0,0,0,1,101269.8523
5962.686994370648,16751.00288533057,37906.373917337165,37095,7,0,1,0,0,79213.72698174155
21384.568583012275,3089.5171821824065,29813.948904282806,39855,4,1,0,0,0,79084.80380776736
50987.61223378849,1513.4192220028847,21070.61351,9133,8,0,1,0,0,31572.26216785149
70941.99001571904,22891.500317658294,30747.07525195854,13992,1,0,0,0,1,28891.869753209205
13566.244531988736,10783.003727687468,22299.390519474662,28147,2,0,1,0,0,60441.331133242806
12611.845863694653,18080.505160966164,40476.735451084685,46122,8,1,0,0,0,103405.61028525681
90498.18523266482,6071.013333942952,17031.07366862745,14447,2,0,0,0,1,37358.2665
45192.33276009628,16158.600988538576,37397.04022665979,26660,8,0,1,0,0,62811.42641037989
78183.74262480151,12916.678320782816,15510.56729985481,24784,6,1,0,0,0,56297.52456647972
29678.611676609595,10480.715894181158,38635.217323335426,49307,6,0,0,0,1,96157.75195317596
29807.521437314186,17987.69905,8011.024826094655,37414,8,0,0,1,0,90591.33783187848
66484.59663954232,7585.713083383239,19441.049511599354,15560,4,0,1,0,0,43457.61634594646
5814.67451,27476.304121890797,40148.30239005194,39616,3,0,0,1,0,82908.94953579876
61831.03409854188,10986.895983911003,29320.384550304494,17107,7,0,0,0,1,45357.31171840802
19501.79245057508,21675.084124321376,33166.93415088573,6327,2,0,1,0,0,19962.47257525642
6832.010428895311,7246.599001386824,4361.766745538769,7817,7,0,0,1,0,40125.02660822079
10762.28345754273,9974.87116,17827.615805263868,9950,5,1,0,0,0,34960.61291115478
60034.21043707192,14143.787632252546,43695.92729959982,11901,7,0,0,0,1,38596.35455306234
42926.01134360146,19774.15554958832,45164.73548788712,14285,5,0,0,0,1,41351.13185173603
54788.727509203076,2677.852522424767,32778.315291888764,45175,6,0,0,0,1,94124.27358
33065.65467665711,1929.4124023216923,2932.7708637438336,40929,2,1,0,0,0,77412.13426816004
57424.229979445634,2504.6665419529086,34267.75683148718,18539,3,0,0,1,0,49798.35547175677
80801.60895162412,20902.504345979058,48837.44011876984,20149,7,0,1,0,0,54616.25903817344
94906.34529383051,29640.05277591097,16909.319453855773,26588,7,1,0,0,0,68803.61433251288
61544.91739,12882.045535353542,38925.21416822328,21318,8,1,0,0,0,54080.88915036548
12636.94468404611,3559.8340099327766,26368.013812524696,35152,9,0,1,0,0,80214.26986935615
83478.90047786183,28977.973368774077,15887.999067274124,13980,0,0,1,0,0,29900.83595541284
25287.671833222856,7813.159963001868,28792.431334782847,12466,8,0,1,0,0,35243.76762200929
39073.34052955314,8295.340902590495,2520.1242067766784,39714,8,0,0,1,0,91038.16332128203
5874.062459826547,3381.279946153432,12390.763631974032,33605,8,0,0,0,1,66314.21314937786
57336.714183978635,25312.82839398387,39424.78462,26281,3,0,1,0,0,63811.75253912522
99525.24894645566,23991.906943722075,30205.78223830796,39611,0,1,0,0,0,80545.55851730598
80587.80349710639,13860.590485230017,33660.09652643351,5058,9,0,1,0,0,26929.831032260565
6277.013106865946,9101.961792,49963.26361629833,34679,8,0,0,1,0,87907.47598087469
40122.72306,20119.32437248528,26965.321054113927,10831,1,1,0,0,0,23912.281248865787
64796.29511287608,22653.669554163756,4818.273080435945,46501,5,0,1,0,0,94396.62950947587
31510.870603747535,12812.390024962262,43004.54598781077,42759,4,1,0,0,0,87558.44845401242
25139.585390816093,14685.174538153322,8945.775989858903,5314,1,0,0,0,1,19494.530980027386
68769.91116482508,18529.262296853103,27277.33624838595,10008,1,1,0,0,0,21450.357403083282
51168.51980892782,16906.406009088016,29395.590520818834,29787,3,0,0,0,1,62073.42058067545
40034.38122650361,5205.384617929213,39717.69176535883,20852,6,0,0,0,1,43050.26396575066
56278.393822642254,29049.756702114282,20563.037296916606,30135,7,0,1,0,0,70227.65048662071
92427.74037,16603.640583733908,14163.315594456713,31646,7,1,0,0,0,78285.96926763131
7943.717637681036,6885.113415943418,26562.408700458793,20556,2,1,0,0,0,37084.50497177361
49175.52872435498,29177.848183349353,7240.922509230886,44553,2,0,0,0,1,85705.83483610692
87049.24371,27770.87920630613,6243.407649332599,14800,8,1,0,0,0,44342.79447286507
57535.397637146714,18424.040187598726,33696.05567842477,38501,0,0,1,0,0,74602.71893154277
29643.48408192825,13992.173510672945,37149.093104869986,33318,5,0,1,0,0,73092.09367302514
42264.386011587834,29364.531763752875,4393.664041722355,34983,7,0,0,1,0,82223.18455845593
21679.395017458944,28184.73463661192,46359.20709681578,30526,0,0,0,1,0,65115.623666898355
67594.25917763264,21931.387259703875,32276.516048155947,35063,7,1,0,0,0,78611.868
63634.74679796917,22138.278326389736,31223.79759698908,34948,3,0,1,0,0,73767.01663
31649.833370822478,27382.71363126338,15829.669601242722,6792,8,1,0,0,0,30151.97594
7847.176192972356,24973.113860825128,32134.21405770303,10980,1,0,0,1,0,38004.16442302968
13554.381483621313,14101.89490641057,43867.62411651852,8749,4,0,1,0,0,21976.301774974985
19714.922574823897,22024.396818346428,49328.34555892037,28058,0,1,0,0,0,53063.973185238865
91730.50495474883,5415.493953753213,21527.87018701762,25051,6,0,0,1,0,72380.23431514855
19287.390789105055,26560.29328992785,29972.74782672669,49882,6,0,0,0,1,106334.1703587785
65674.87699817841,10024.41839635569,19780.131549745118,18545,9,0,0,0,1,47076.27221308239
40847.260436261255,2379.703474972061,13339.480074068346,35093,1,1,0,0,0,63620.748550330376
89619.05628720594,26726.37695712814,5386.177036108224,22573,4,0,1,0,0,54313.00129990164
38254.50066111281,2892.2465831451673,26266.57291,33407,1,1,0,0,0,66063.17563
72189.73382170012,17992.628293730264,8437.064608214636,42161,2,1,0,0,0,79299.09973952756
40095.98065565205,29507.46517975402,38782.80087720516,8893,2,1,0,0,0,27850.885428473244
10147.429626391879,20350.512483133898,9188.442728120765,27618,2,0,0,0,1,53169.639318824986
70536.13013,4825.887255957467,12414.674131652102,33263,9,1,0,0,0,71462.90323095117
9243.918115494675,29386.90013856606,33353.64567287216,5365,6,1,0,0,0,24388.151388301896
36777.59583374135,21752.714567345214,38609.96462,39095,1,0,0,1,0,86114.70829151414
93028.89016,5215.992228326159,25798.662312296503,18054,3,1,0,0,0,32279.078799778035
53761.35632715806,2932.190781138612,35006.89181444199,17296,5,1,0,0,0,44645.42245813157
69376.45169843026,20816.41621811768,8932.335219619501,16431,6,0,0,0,1,40978.870524934515
7360.618207004916,10757.262545797052,36664.64431173567,33245,6,0,1,0,0,69721.90707497408
46732.12087906111,12847.070693964566,42314.063043859154,33621,5,0,0,0,1,71054.34029547698
52923.430077895835,29583.276013001207,3530.2744821444103,48084,4,0,0,1,0,103563.45656922781
71713.27031186165,21701.869834586185,11430.665784117537,19720,0,0,0,1,0,46681.94128441844
20039.653456236414,28980.900447146974,10355.914713771703,39790,0,0,0,0,1,70811.90178361691
27591.884810110976,12640.888957960626,36316.338634187894,12721,3,0,0,0,1,35171.115215568505
13316.689693162401,12757.159559100737,31521.51122746475,44835,6,0,0,1,0,108622.53600457222
29143.031869587852,3091.8727110281025,13313.370719550629,10449,9,0,0,1,0,45089.827748039315
52083.80094427371,10560.335022203484,15513.397577668387,41697,6,0,0,0,1,89824.25447144841
37171.09791780055,27696.51213780717,40789.30560750667,10339,4,0,0,0,1,33143.301035102544
88912.46172239003,28362.739245038734,9326.703451887455,24029,2,0,1,0,0,56768.11528967507
72883.28229740722,2206.1411724871664,25986.101136305064,11506,1,1,0,0,0,22764.238124571053
62955.12482646134,14236.234989737051,21172.47901337514,19563,5,0,1,0,0,51924.97737525223
60318.06402328264,17590.791587375967,5355.191489991301,13412,9,0,1,0,0,36599.603165468325
56568.45664247728,22068.009119934173,8975.243013077605,31206,0,0,1,0,0,58772.803538919485
69170.84546329768,17234.551688616397,35754.30549133738,49292,1,1,0,0,0,95362.29840743562
13430.422745817867,26962.482916439294,42613.21887356663,28565,7,0,1,0,0,65738.47944742283
86942.13083,8248.370673002537,3116.1317688395834,44114,0,0,1,0,0,79647.08268938784
71153.59537461914,22814.47505807499,11611.885179987683,23857,6,0,1,0,0,53115.34427665132
29428.789496732497,13937.705380067402,32332.77926966645,7015,4,0,0,0,1,24920.470945238307
82861.78461,18044.513910811642,35401.659175511304,12162,3,0,0,1,0,35597.283729560346
84994.38338,15537.284355601887,41384.26874981135,35444,5,0,0,0,1,88707.06748829695
31370.95224759728,3653.6908441101673,33188.37776243588,37569,8,0,0,1,0,96234.72835869179
33530.320854425845,20460.764177251036,5630.268896,22196,0,0,0,0,1,39960.236551377006
71536.55732454757,6919.993121072161,7803.681021789734,8799,1,1,0,0,0,24891.27937820526
95949.23219465531,2662.3517050328346,13785.009328289003,24255,2,0,0,1,0,58826.52581286261
27722.394386630178,12893.90895500805,18809.23455,35729,7,0,0,0,1,67036.15965837143
85073.02702111672,2413.013993,37726.49407166544,23964,3,1,0,0,0,58721.85178501708
59962.53286,2157.236183,12938.157744335425,30013,2,1,0,0,0,66542.15329729993
87905.26700877844,2653.433400389216,34621.71943343234,36396,5,0,0,0,1,74492.79305
98860.06964,13442.12714242637,6733.575753713465,23807,8,0,0,1,0,70449.03989080424
23086.413693428043,9666.310368,28015.479498606495,8658,2,0,0,1,0,30618.733598749233
85850.22781,7161.871274100545,5519.433382173604,31285,2,0,0,0,1,57362.769172616754
99597.09658498164,26237.236696289543,41873.64882236673,11691,5,0,0,1,0,49831.11403944714
17169.87080232868,13652.128284401393,34938.92126980125,43687,6,0,0,0,1,94244.40274326221
48961.13805183169,5563.580478565587,29403.269625286164,34913,5,0,1,0,0,77253.19226861584
29988.46298288564,17885.124545243085,31632.198834712297,12468,1,1,0,0,0,30494.19961122483
84950.70064991487,29348.00538592563,48522.13804397644,14065,6,0,0,0,1,42347.929607593316
29649.660301464155,18330.811053429727,18887.336310133254,36997,8,0,0,1,0,92614.17667222692
14717.334575738709,6304.678255879438,27134.79075780362,29952,0,1,0,0,0,58621.23719703452
53734.74506597021,17392.097582849514,34817.703294564664,38164,3,1,0,0,0,81191.38342471348
60083.65634771672,13776.092137715781,31670.303721231547,33491,4,0,0,1,0,84261.66830808396
87052.44283562491,7717.496437764182,9911.508486796989,29494,8,1,0,0,0,72811.15719224437
52854.50701770102,29333.508833004194,46565.61990804825,46215,2,0,0,0,1,93946.90686650414
56167.75483225403,17452.798049187088,6355.497831420582,42875,8,0,0,1,0,104286.95773875185
62307.02072284178,5472.032183948169,12263.110775778021,5235,6,0,0,0,1,18130.284683330006
36660.506794521716,16026.841705359097,49175.47072284243,10071,8,1,0,0,0,41408.62832806767
79677.18997117314,6005.213327652611,19114.82178035946,20950,9,1,0,0,0,61585.66173709138
48385.20180178793,29306.835342128506,37327.33566136379,12594,2,0,1,0,0,34530.62585272664
93170.3087,9248.185419,42446.18105176121,11262,4,0,1,0,0,32763.64314376931
31189.937072267665,25139.32546911638,22431.68049996999,47761,1,0,0,1,0,97781.48406629328
66877.02479,29710.056857043804,18047.301700076743,6285,1,0,0,1,0,27488.585670004373
40333.79772033807,20730.57242239525,11401.272263952498,31568,6,0,0,0,1,63401.058448172145
64135.93080760127,24955.969838315203,5599.982030380093,45005,6,0,1,0,0,87536.59258524484
99056.94849526757,19137.78218589186,22254.642751571104,10247,1,0,0,0,1,17941.918644305988
53139.452162579786,25212.365292393228,36683.88441139648,6249,3,0,0,1,0,36009.358929635266
93761.40483,26906.388183136594,28027.219598486292,18571,9,1,0,0,0,61180.620886767494
36421.247246032086,7309.265092680079,36777.486888900734,42444,4,0,0,1,0,97153.06993889887
92657.36937852734,17417.226159677728,3850.7510060675595,47110,4,0,1,0,0,101274.42531290281
76509.70516283129,15499.560177832356,26805.671607284567,13645,7,0,0,0,1,38706.568870940326
30522.92474864114,25360.43581908706,9913.264861118252,32778,3,0,0,0,1,59874.60334907902
19074.324283514703,29439.93246232089,37078.327280133024,7325,3,0,1,0,0,27622.68853592733
99536.41884811923,25974.12340888793,3971.549601272743,38609,3,0,1,0,0,80640.31398972846
89515.71310666861,5178.750887050405,48324.52214456124,48783,8,0,0,0,1,112336.7618472867
32752.240766228515,4993.073313523862,4836.390117186493,30201,2,0,0,0,1,61958.28975179829
29051.59026363344,27927.013964291877,33774.49826872579,12765,9,1,0,0,0,43935.23747315876
52570.98674708137,23532.24981001317,28564.78155275435,20056,9,0,0,0,1,51402.50925924533
58576.97895927221,29030.37679361627,18791.390510865313,36228,7,0,1,0,0,81744.93533274585
5309.273307288784,24835.53606757291,40308.16424237141,11957,5,0,0,0,1,25674.591394649706
6012.225616713391,17626.792241118055,9579.313863,7100,7,0,1,0,0,34216.09941284706
30368.784325498167,17550.238809689534,42179.918396400215,32508,1,0,0,1,0,77785.04313385775
48692.31635198764,4617.447527439734,29331.413867515043,18587,1,0,1,0,0,37952.59434
18186.578691241426,21144.962767606543,37340.993425215114,23301,1,0,0,0,1,53553.445347584624
27967.392383303526,26415.30384489987,16249.398808310882,28412,0,0,0,0,1,57706.50042849732
6916.494464339757,15415.064270896526,31905.05762,9285,1,0,0,1,0,28230.044778868076
79348.26006,9412.436477,18863.09017522587,22492,8,0,1,0,0,53073.82472
91719.15907210276,2954.2609385699516,44702.38185616714,16389,3,0,0,1,0,51712.77694877532
69782.41959122536,1309.6906953959704,23889.70436597976,7654,8,0,1,0,0,34914.367019784004
27773.503751488337,24950.80174692414,7008.090977903651,8845,8,0,0,0,1,36526.94664531542
58044.70613666006,18518.74551654456,38191.134285915134,40706,2,0,1,0,0,83429.41366822134
78055.93352636893,11694.865280890584,26596.636056201052,39007,1,0,0,0,1,84560.65951376891
98585.08218607034,24317.648938737217,47683.419942598135,43258,4,0,0,1,0,101034.2195
62633.09539189545,29787.806517367622,5949.250516610708,27174,2,1,0,0,0,58744.72548628139
61938.73960841073,29588.12525398421,22360.403782621153,20674,4,0,1,0,0,56115.18914332632
55891.88003715701,22651.830708584483,15673.574893702104,40253,1,1,0,0,0,74922.24018906025
10953.860273368617,9856.196997,29706.009482192305,46427,4,0,0,0,1,93312.68511751023
10120.753264084748,2595.263971319852,30592.337971086174,6314,7,0,0,0,1,25582.546137769834
18793.584920695874,27696.12048568182,47843.64152130978,27756,5,1,0,0,0,70848.47832166303
11330.310955054174,2275.7016640396946,42714.929813545416,49807,6,0,0,0,1,100354.9523252148
91608.39078005322,29572.99910716935,44983.62998168323,45777,8,0,1,0,0,104558.50345163736
38008.85248762727,17006.276355010552,18027.212837593484,29973,1,0,0,0,1,57017.97026863905
68060.02839907444,11325.940513881345,33361.71738776909,37469,4,0,1,0,0,75464.03549262769
44898.163313639765,27705.897423720104,25804.762953466612,15641,6,1,0,0,0,42748.61609592929
42257.32532731122,1174.6883910948568,16774.983596066624,17511,4,1,0,0,0,36072.92614676323
82391.56720493862,13320.83744947867,7207.450664128597,25600,3,1,0,0,0,59539.59478741184
9706.623444089168,8537.188177967064,31787.522691818027,18203,9,1,0,0,0,55101.50876
70799.31107347393,26468.164317076003,45340.97876874183,37837,6,1,0,0,0,89402.37993209125
72773.44632,11009.185229357987,19618.813540095798,46720,3,1,0,0,0,100837.13668069999
94462.81299,25330.216339461815,10381.768824246581,30996,8,0,0,1,0,84832.1793
8744.970485259482,7311.213602716117,8565.865575522086,20848,6,0,0,1,0,51829.023497376766
46569.86038275271,25246.029967698112,3197.7370151526543,30833,7,0,1,0,0,67412.30146213048
10510.924647558972,25289.477163402025,3031.992585733603,8783,3,0,1,0,0,28770.39266284088
13022.768390002486,5075.098570235505,13296.350113723392,14330,3,0,0,1,0,39801.935959578805
37698.68284332175,28676.543252945623,17965.79525691409,23221,0,1,0,0,0,48583.247907322715
72333.75607957167,19057.375990173176,47339.81868207792,24785,6,0,1,0,0,55814.79244671857
56316.06539091383,24043.722883576578,9333.327296374166,18585,9,0,0,1,0,57235.97082394007
23274.418827795864,11040.228356837646,2528.794815188828,13313,1,0,1,0,0,30386.65602533278
5923.857084,3550.2728887272124,2303.5238106994525,46877,9,0,0,1,0,108651.93216715133
64172.03238,7936.181602589244,26157.255602497364,48221,6,0,1,0,0,102872.10395233313
13523.568812477388,10409.910784052176,22373.34833466344,33927,2,1,0,0,0,56739.244726094665
35088.74251809579,22107.72069455486,8618.929851055906,39234,7,0,0,1,0,96759.47595
73123.25667,26268.05742044161,21059.10527,7108,4,1,0,0,0,21694.275327697804
80933.47766191133,18263.758279953247,21310.53386513958,15334,9,0,0,0,1,49710.04223099089
66878.64774701756,16901.185222421635,13444.023701213795,10903,4,1,0,0,0,25848.33273362713
70634.4102,22709.66177231875,43560.89799,24934,5,0,1,0,0,61205.22236482304
39523.338427554074,8098.392514878304,46416.82324200587,22675,7,0,1,0,0,60541.76254528276
60826.18252148283,21101.229433340486,28288.883611950638,14847,2,1,0,0,0,34583.77733752768
59121.898760597134,6880.370880946362,40553.17636795142,45614,5,0,1,0,0,94772.74296290556
33678.35978150104,10538.583985635156,43552.12716488499,46317,1,0,0,1,0,98583.51548023045
88632.65221604262,22411.319171693754,11865.51791933912,18102,9,0,0,0,1,50124.471042229605
38047.04834058857,13118.805367647736,35465.650976088225,24699,1,0,1,0,0,57200.851743279585
95618.17248321103,23747.89943345896,40544.75280105603,30675,3,1,0,0,0,59695.76980383728
79728.57868625432,23473.35977758959,34288.87306331643,16715,5,0,0,0,1,49273.587284923706
84867.55351586845,19015.477448536974,33298.089713582405,18704,9,1,0,0,0,52728.95001342537
56704.42121283732,10773.582224774618,39750.64241937746,38794,8,0,0,1,0,93654.45100802554
28421.946139233754,5903.6842999237515,46390.038818553585,36742,5,0,0,1,0,83568.77401331255
6384.4507510522835,10349.117488901447,2333.660598187588,45248,9,1,0,0,0,92931.09039162363
37928.64617022782,17517.62624105188,20878.424953785496,5515,7,0,0,1,0,31066.764422035107
92180.17695968084,14218.332948033703,15012.100472754026,19487,5,1,0,0,0,41533.07768912801
26531.000237930013,8092.707190846072,9508.997950690064,42557,4,0,0,1,0,98059.29986904471
33703.449207974045,25108.94578228845,40554.642263406575,7548,6,0,0,0,1,22073.780270717834
32487.48133303361,2035.333062242388,9401.097255,30756,8,0,0,1,0,79694.31409305344
81900.71883778485,27416.029534390516,40803.54153203752,20425,7,0,0,0,1,51084.473719362184
53806.82647054797,21633.761170630274,3637.493137894953,29165,8,0,0,0,1,65884.63808522928
33877.854939769546,26731.15056,8700.407880241324,35461,1,1,0,0,0,71197.63151219819
38174.192584640834,23200.187187504853,39285.78225,33579,2,1,0,0,0,66426.19129570815
56675.30667,27416.355214531373,49800.71522285831,30184,2,1,0,0,0,72540.72331497823
84553.78002457431,7738.774161314695,19021.06124958953,20847,4,0,1,0,0,53314.30740783967
94529.98549,13019.605701203534,33881.38810733172,9633,6,1,0,0,0,32474.437404950997
95390.55038,4349.304383488654,32222.008749341432,27137,3,0,0,0,1,60292.27892243018
29391.29777111761,13730.912024028032,40192.24529460442,9473,3,1,0,0,0,29557.507428255114
97026.65398439862,26821.588994118032,37947.04531239936,29055,4,1,0,0,0,66964.48596120924
79370.11986649556,27045.877256876633,16742.161461721298,16252,6,0,0,0,1,38965.74692363627
97718.09229225673,11959.085603079837,27774.670195510687,13428,0,0,0,0,1,29325.594656551195
40976.20440789393,3450.4437854680878,41183.08907945349,6728,8,0,1,0,0,25347.072358727673
72916.24760694253,11895.767916968343,24886.422847793747,49718,9,0,0,1,0,120817.03677686356
78058.15210725328,23827.191733499916,27079.465058797574,22434,7,0,0,0,1,60701.529582166564
68961.00086883813,9555.183802459353,24797.08820617723,44012,6,0,0,0,1,88248.04804
66839.06028138907,3195.3908075226827,36340.17171228699,18561,2,0,1,0,0,46418.55480187602
13336.833468132336,4766.790260635811,7460.452265744648,16586,1,1,0,0,0,33048.812632866604
26572.78191489416,9418.645836167332,9117.320610069635,38800,2,1,0,0,0,71761.33842603167
51714.26273056575,4212.1860177811795,34217.710380344084,45568,0,1,0,0,0,88959.17656713066
68852.23862617262,13171.398576502083,47607.87477936189,13799,7,0,0,1,0,54890.39158152095
98735.70512,19685.356893390985,21167.230861875567,25541,1,1,0,0,0,57239.20530472648
7789.215456092741,28021.66854943898,22546.41737,44344,4,0,1,0,0,89151.63723294022
90917.07338536151,4154.341671604276,35677.35843531226,46066,8,0,0,1,0,105100.37901901855
36847.05060470487,16825.24229002819,25521.614888046628,41309,8,0,1,0,0,86536.42103485203
40220.14078919277,5648.362723955566,45123.21124357424,18117,5,0,1,0,0,46464.461029041806
33532.00848869916,12108.881251152265,14845.175711128888,44240,0,0,1,0,0,84207.84448498221
89745.30852429172,25677.622442879314,49073.44446468134,36297,8,1,0,0,0,83506.41335619894
18190.646522062343,4284.788881908928,17675.46081214663,38230,9,1,0,0,0,80029.13666
29118.993478789107,7799.329370080525,22423.412947165463,25490,6,1,0,0,0,60093.90207503938
28276.772642264445,17511.73535254039,10259.353828664145,25000,3,0,0,0,1,51172.813160106605
76947.77421721166,24511.20069342077,13001.315728139243,33679,0,0,0,1,0,68071.83605
66692.30287137581,11699.088458365699,17679.910666416996,49540,3,0,0,1,0,105199.01420249643
74831.19598357458,6960.464465256198,44232.58321765338,15520,3,1,0,0,0,42819.31178168932
26455.433438319382,9266.002004849892,39101.524802863925,13742,2,1,0,0,0,32453.669843848533
42879.935427055265,6996.435325342069,37125.025417977944,35364,2,0,1,0,0,76076.83469002678
81121.17241270535,5669.659833773892,29395.67163250292,33099,4,0,0,1,0,81106.98676990032
58155.62220933781,16533.680436804614,21072.314576465687,20220,0,0,0,1,0,55126.988331613924
47262.13173610451,10836.000706662311,37382.27964781534,35724,4,0,0,1,0,89644.85428354765
28776.223313370563,27491.013683993846,14350.332765511728,37855,1,0,0,0,1,67053.14531925795
45654.33909816003,8946.164677510284,43702.23858660368,11500,4,0,0,1,0,39608.292044885864
43130.750643919426,16301.38761663622,36361.85863442097,46063,1,1,0,0,0,87438.46281969442
50227.213991835124,27604.130068823273,3806.141808719797,33074,5,1,0,0,0,70208.54488808587
57763.40668,17843.912290900305,20039.720639655374,45043,0,0,1,0,0,92574.04785553316
27845.718496242207,5282.470188410386,21026.823062012114,48494,6,0,1,0,0,100909.76621284356
76109.11160110039,22535.21477554429,24931.430737448358,27996,0,0,0,1,0,73172.32082570737
50734.63392571737,22249.344330963562,20514.065192087422,12241,1,0,1,0,0,22323.23170021297
40139.93489717466,7239.716052661889,39539.59174815772,31112,5,0,1,0,0,74425.75138646875
11364.06028,13736.68828984723,22879.822848218733,38088,3,0,0,0,1,65131.16763757125
65279.643351384344,18299.996768860456,30981.318646037787,21439,0,0,1,0,0,37523.030677075985
94490.30515443035,10177.375464215414,5046.424308455937,9899,7,1,0,0,0,31470.083129799623
23983.215651939798,22383.34770075997,25942.17726984992,42110,2,0,0,0,1,82999.55931898707
19453.609395786036,1133.3528103734225,38558.64085335694,11815,7,0,0,0,1,38691.17509376215
32778.70265541322,3378.9934168410005,6938.263650071431,31717,0,1,0,0,0,55638.141620158756
70834.69665,23955.638709281113,20852.134468061904,17377,6,0,0,1,0,55704.21935899361
79169.81133918776,4358.076119800053,4017.1328689088864,45391,9,0,0,0,1,98748.50844
88769.66244,29348.83810859672,11309.295152621478,10953,8,0,0,0,1,35523.42152707598
99602.30166920713,7741.131168233102,18257.689423900054,25669,5,0,0,0,1,51321.52856788042
84654.54645904689,2996.789496644048,15965.9611,7880,2,0,0,1,0,34068.679851476954
93797.81259086952,9924.324981328142,29099.98365,48154,5,0,0,0,1,97867.80067202664
79799.20506124021,12675.598674915957,4322.344068799151,22580,4,0,1,0,0,47770.93211444803
95026.60819993238,6200.119171505052,20582.001612967757,16441,0,0,0,0,1,33499.723607910026
62133.721213579694,4165.620725848796,46458.03692184647,40045,9,0,1,0,0,95862.77312430604
84484.74405341005,26625.37480881871,6424.899597464289,7588,7,1,0,0,0,26313.857330388037
17375.970694935848,19417.738120069276,44999.53370158897,39635,7,0,0,1,0,99855.10363803088
54668.67362790507,23217.29952991035,22679.663000522138,34732,0,0,0,1,0,78500.48482627135
17461.484593095884,29756.473617163596,27591.17084206783,47347,8,0,1,0,0,96819.80280276459
61122.797105823876,21839.649714204214,49977.42821064147,28625,6,0,0,1,0,76506.74086557975
61394.59139558188,24728.013674501635,6742.2476480448095,47634,4,1,0,0,0,94110.51941599086
15281.420767759262,29242.174591827003,41775.939194486775,22820,3,0,0,0,1,50886.04639203266
27575.25117283212,29664.12408553094,10894.127478994069,12237,5,1,0,0,0,28538.033194536347
39971.15769677957,11839.826768428484,5830.756703287663,34564,5,0,0,0,1,67026.63861
7809.741084738411,26409.865864511637,14019.938731450453,12868,3,0,0,1,0,36579.29178376227
46866.19150804821,21393.376817364348,42870.912425788876,40189,5,0,0,1,0,100644.68648777115
57809.90727809354,27332.08256874079,39642.682730644105,23057,2,0,0,1,0,52535.14349294807
83329.45602331936,28504.248048696634,36166.12057732562,10983,6,0,0,0,1,32765.474968302224
12004.14039573093,4686.567775037591,45171.96239453704,39453,5,0,0,1,0,88938.96662768826
44353.151307741806,14780.295233857301,10196.709451760707,14356,4,0,1,0,0,35651.36825032324
95368.79634330801,19738.056404824078,7670.581735119944,25372,0,0,0,0,1,51693.993572694184
71781.39684583401,21921.994012692576,21413.852111652403,40736,1,0,0,0,1,77040.81412
49575.529764973675,23694.96946419927,48624.71028,18091,8,0,0,1,0,60755.03634474401
74253.158,20345.150608150685,32685.079948671748,40479,6,0,0,1,0,94570.93605038703
6138.863279596184,20056.73784401755,5524.062069106709,28891,6,0,1,0,0,61059.14801395812
23470.841824346204,16612.37777400239,41641.63457211026,17090,3,0,1,0,0,42022.15456093012
92469.1678,7453.630567725699,20301.966020989457,47322,9,0,1,0,0,105036.47642085308
83291.27356,8395.507783,19798.706540521656,14029,3,1,0,0,0,35508.862361962114
39321.359159615735,12756.239875973153,33083.405470552694,22981,1,0,0,1,0,55831.55930093744
51621.12160479825,25550.02546899485,17783.946975484203,45477,8,0,1,0,0,99614.22362829214
25414.600187971442,10246.57142081916,48114.79423316941,46335,1,0,0,1,0,104679.05799207497
76779.55178528593,20729.202222124284,19753.80633468303,40714,4,0,0,0,1,87944.18396107714
58973.69746433685,18800.29602078906,28820.31629857652,12765,0,1,0,0,0,21880.271620995845
26750.056463505127,21883.76738863609,17433.329054646605,33440,9,1,0,0,0,72203.54401631546
80527.97005321817,16927.82534029618,33509.23651591732,10163,3,1,0,0,0,30040.07511471006
6799.155344810446,11269.059130061603,35395.644319994884,48733,8,0,0,0,1,93402.22606876331
38437.134927613406,29285.109209555034,12528.678722392478,16297,0,0,1,0,0,37025.92762119471
62158.753095003914,29724.022447784726,39601.551951878035,13825,7,0,0,0,1,40692.54855928728
13867.637432652013,25635.65382652755,7997.975495426459,17136,8,1,0,0,0,49535.59440457303
23588.775142869545,5512.065615,45191.47645793061,41114,2,1,0,0,0,85491.01928035502
11474.709213270908,24436.721147015265,4374.266117075871,45801,6,0,0,1,0,98098.21140379488
65382.54176365933,22406.31931926205,34079.524588367334,27944,7,0,0,1,0,75480.37265909571
23036.95244373045,13717.728746744371,18691.258830210267,11753,6,1,0,0,0,35331.04449
84161.75345906134,17397.44727860668,26675.897130475507,6444,3,0,0,1,0,29181.25132323481
70595.61070612365,21036.25335501192,32652.58074,16045,0,1,0,0,0,35667.77091169601
70987.70883362976,19583.510182970756,10348.57378505384,44715,3,1,0,0,0,85828.53266687132
20985.351423182867,25961.25185078525,16941.610193136738,11747,6,1,0,0,0,34295.09436794608
97054.37867027098,13806.121129383579,45318.306050539104,31057,3,0,0,0,1,63201.74703172162
90569.50109267143,28554.66285768257,8707.444169533741,27734,8,0,0,0,1,66465.92739693404
44629.36057,7967.900687530874,47294.25822777541,8690,0,0,1,0,0,21070.389073258444
21138.726875342443,10117.67893366661,45815.14965855037,45473,1,0,0,0,1,92982.88982301125
98134.78157079054,11240.642207647115,4738.146358865848,15490,0,0,0,0,1,27121.167613861835
96403.72666114011,22663.690531031152,15992.604793486144,34263,6,1,0,0,0,76018.94385029512
27612.180151697125,5707.826744536252,45355.28216235534,37300,9,0,0,1,0,86122.81583775366
45504.02139903813,24219.24068562735,35651.52031778609,26463,1,0,0,0,1,49452.20000442834
57116.77223117407,15950.406002191467,30244.061003990595,8543,6,1,0,0,0,24522.628099238776
13052.802023212378,8557.289939222252,7909.381164932482,46919,2,1,0,0,0,91666.48683303302
46703.54234653869,17720.10838344574,16330.585230851402,28315,3,0,0,0,1,57621.44989
34973.24831177236,4627.314925352011,9448.179613894616,16234,2,0,0,0,1,34888.904974667035
70723.90881582232,14824.606314886609,2655.214178390379,39572,8,0,0,0,1,90550.84152674925
53153.05086327325,17027.483540142843,31449.48916975769,42490,2,0,1,0,0,91299.14582156292
89056.05850213637,21391.35811157552,37300.68844260957,41695,3,0,1,0,0,87347.86159866204
12861.021884125825,24476.725307598328,12125.551660379591,21144,5,1,0,0,0,49460.157484479365
42405.653535007994,3548.2543844646825,33454.86305960693,15903,1,0,1,0,0,31309.223268847025
86362.13610464602,27182.657237637028,44300.00869379716,38684,5,0,1,0,0,94691.67173522263
13856.662434205866,28115.629401126254,10697.405777133625,30318,7,0,0,0,1,61542.04287079997
44465.94203823808,8086.409306422269,43046.496193901155,34523,0,1,0,0,0,62151.49234452462
20898.593705761952,25134.62347837569,2605.246149072942,43931,0,1,0,0,0,79418.28752
34451.019357462894,23544.149667774054,23493.44159002768,40612,2,0,1,0,0,76966.24006408863
55824.876795526485,7456.253998473495,32557.302204883883,21078,2,0,1,0,0,55759.00423389157
32266.215989573095,16387.489919275016,27698.637935528208,46934,2,0,1,0,0,97779.50217264336
26619.602414927896,16572.68349545211,21166.36048780676,46551,6,0,1,0,0,98531.09230105398
21168.230154069024,16027.96625368937,28785.923425521843,31078,4,0,1,0,0,72374.34548083165
60606.30057348778,17806.746134879042,12009.885280676432,13702,7,0,1,0,0,45956.64263707839
96596.50030819948,1607.4189785214705,9002.823868203002,33128,2,0,0,0,1,62136.51031846138
16560.46896168653,10178.493560377457,31917.09105,28644,6,1,0,0,0,60592.72224058013
5575.505734,24961.512879565274,6526.440378355755,9758,8,0,1,0,0,26162.24822464626
9922.326356837506,6365.664652032753,27483.150688011934,9930,1,1,0,0,0,24254.680021735647
5186.563939036361,6916.346010097721,10497.163355823506,13838,5,0,1,0,0,30827.667470039843
36811.656288919636,12087.74245696479,40686.30071783941,30834,2,0,1,0,0,66682.64284708929
30108.42909247145,26192.40273081096,27140.97473379129,49347,6,0,1,0,0,108040.17357836905
8794.289742,12867.439264403374,19250.520132775593,40893,1,0,0,0,1,76769.08420815281
7963.167406,2659.2601657668283,27278.506326441762,26857,3,0,1,0,0,52520.08521872795
7186.902163,1121.6343520925388,12435.959365632696,14226,7,0,1,0,0,37678.90884300689
43299.72754721242,10419.891762889558,45870.346070972526,25975,4,0,0,1,0,65375.16638288593
21577.48109601256,8889.801422908553,42272.963683771035,32063,4,0,0,0,1,64420.94771392161
53576.52814675534,6373.908107,29066.038284811795,45270,5,1,0,0,0,88673.00028
60113.48821481425,19134.677719032392,9897.756370601553,12540,3,0,1,0,0,34952.144672810675
84713.21763809893,21837.804284185953,47478.56572309442,14606,0,1,0,0,0,39060.03694271252
24974.640816103976,7869.673926827981,33621.27734601316,28642,2,0,0,1,0,60248.192452870106
89203.08244492956,21638.584239108444,26538.628716532043,16485,1,1,0,0,0,37011.427753783486
46658.64043630299,17607.128415290266,3493.8618760635018,31509,9,1,0,0,0,69207.23495973943
15014.158869827088,23709.645653931988,5849.4483813921415,11504,1,1,0,0,0,23272.30079482419
50950.01963305484,27452.577537259767,44292.692366535244,41821,3,0,1,0,0,86896.68095179004
66731.84545518254,14384.87387223497,40968.46951776073,29352,7,0,1,0,0,67893.39319669569
56538.13078837417,24642.329725223033,26313.48912862583,41896,4,0,1,0,0,90616.71411817153
52552.24391664684,15272.740399212418,19634.43114061894,49952,2,1,0,0,0,103187.34656433099
58996.429910623214,23565.971741901776,28160.093573568964,45079,2,1,0,0,0,90628.81247611233
47052.93837,10009.570587642449,9657.191345513907,46413,1,0,0,1,0,92669.85017778151
50344.60789459071,16115.383341624583,24083.765206912365,7501,2,0,0,0,1,16759.017285628863
27192.023704308085,21006.294229417643,14745.140754431304,45966,1,0,0,1,0,86739.95090967724
20181.831960598516,24119.670957131406,33625.053905046574,47873,0,0,0,1,0,97824.72737507262
21324.78869534866,18256.52768513083,16507.80428641963,23383,0,0,0,1,0,52939.24123040553
46990.48967757637,27299.876723592315,10695.560292828006,43172,6,0,0,1,0,102865.78715363974
24187.662871474648,17467.937475390616,25982.57712,44800,5,0,0,1,0,100309.7426
71068.86675852392,26308.418911988916,22503.716873107718,19713,0,1,0,0,0,43492.76920713987
8691.157105,29044.68497487756,23687.499915239165,38219,6,1,0,0,0,82979.41715773499
39247.15885997768,2979.263234,40760.69738411081,6762,8,0,1,0,0,30819.384908194635
74714.12534724356,21428.90166340318,17989.646902324894,27904,0,0,1,0,0,52069.87017450706
13747.226458961437,14682.879600801136,41984.63841,33863,3,0,1,0,0,70191.52226
57052.01503898405,10589.64376897246,25453.113022171296,18174,5,0,0,0,1,50222.605861248136
37591.695519151705,22897.398130040117,7998.920061057024,38616,4,0,0,1,0,92243.43647822631
26234.79192040592,19681.868635315273,37491.49396275964,35621,8,0,1,0,0,79376.22171313773
76816.95480038247,20722.92249345373,45030.970341141416,25201,5,0,1,0,0,63999.06555532126
32133.774947989874,18847.966244928277,46532.50177904332,21767,8,1,0,0,0,54300.37032809936
96116.61036383743,3821.1636361373844,33264.07365846043,11410,5,0,0,0,1,35330.81611829158
81012.21769,11044.690897352564,5836.917113295145,31326,4,1,0,0,0,68475.12726231637
88003.10393559099,28051.430094276086,30966.63171658159,5200,8,0,0,1,0,34162.14395214548
34187.492881928425,1859.4388896047506,13690.35439104417,41713,1,0,0,1,0,94294.27011596331
5146.185216648432,27574.655419224066,8383.675351695963,27056,3,0,1,0,0,61189.96624394658
32979.02751183513,3052.6797148638757,15493.219572769127,7502,7,0,1,0,0,30057.93380977597
22858.931457435006,4713.011379384038,4178.309401829216,49113,7,0,0,0,1,100658.75645548812
60289.79223323802,3630.2393377317085,36987.326220798815,20633,0,0,1,0,0,47951.74929707401
38401.687207272524,21770.144321935073,27960.731992514404,46491,4,0,0,1,0,103492.94398490031
15813.38378243145,10481.946789344525,36617.35572870762,33410,7,0,0,0,1,73075.60747606604
51388.68448368646,19736.620211732705,19577.515644926305,9031,9,0,0,1,0,50693.78357420478
92039.97953048092,5845.576811632393,43728.48142157003,42156,5,1,0,0,0,96808.78862192582
96778.28500956591,8909.899321249657,15025.593323957704,10329,3,0,0,0,1,28039.68523680906
34590.73374187597,1972.7949830633088,17381.30077142296,16246,3,0,1,0,0,32678.77011713812
89312.13222145716,22291.472421054015,45028.89032056272,35636,6,0,0,1,0,92190.64139968675
23714.216163812576,24810.476645112616,18049.409550439297,29925,8,0,1,0,0,74598.72898621598
23221.245601816496,21025.73539861806,40865.062139315785,18387,6,0,0,1,0,54080.45024
12184.597670647778,13026.406816782122,18695.077249239825,39598,7,0,1,0,0,82051.74032
96121.06683017634,26415.874175251935,29649.138311060993,48803,9,1,0,0,0,112188.18194845539
29455.538268562355,25201.96866562382,31247.32543541296,24025,1,0,0,1,0,60004.84114859471
83552.53856766826,3573.733884977977,34423.67911880085,39956,8,0,0,0,1,86332.83922790921
31299.85599641442,18881.25532354255,19843.499245346273,45413,3,0,0,1,0,94485.66871389972
79821.44180668867,4801.213281387047,33564.70111235745,27185,8,0,0,1,0,78229.91247215093
70991.66324174328,28619.30639274982,4238.581829526415,14505,1,0,0,1,0,39736.23349008486
6079.265649718236,7593.510442012728,39605.02931731879,18371,0,1,0,0,0,39930.87281
85177.96847722793,2373.995638192551,22092.09511027923,49293,6,0,0,1,0,113258.92264197717
31017.44386,8048.442142705846,5172.706625065322,43737,5,0,1,0,0,92614.63607582627
96310.84931282174,14612.29408206888,41642.753071197956,30008,9,0,0,0,1,78292.19078298088
41113.65536082973,15082.11579,11488.845034530483,11573,0,1,0,0,0,23979.871754963722
69766.65122782828,12627.369007093443,31362.78958033023,14635,1,1,0,0,0,29357.660260231904
35844.45796870305,29791.929492746352,18466.565294530046,5058,3,0,1,0,0,20305.467731747136
62967.38060957425,21759.442137983424,45014.43607248234,45553,6,1,0,0,0,106747.5765911132
5615.122788153331,13563.177444831957,29700.203207713133,49458,4,0,0,0,1,93321.91644199578
35708.01729404906,6229.181871,31589.598243958393,12158,9,0,0,0,1,43043.784520379566
73040.81586953704,8604.307872739151,12716.24614059699,12950,1,0,0,1,0,35363.99104789042
27278.341707113887,7054.913302,21334.084441870582,21177,3,0,1,0,0,43898.046406280766
33573.40416177802,2917.5690369219237,46759.987736552575,8457,5,0,0,1,0,34173.79190766016
81487.53311,10242.268309628655,26175.764640572903,13957,5,1,0,0,0,38468.343792457534
28721.25932402616,12745.673843418042,3995.1824817427805,32408,5,1,0,0,0,67547.72035156601
92704.19429765694,26055.062724425443,31411.920238851642,35729,2,0,0,1,0,91461.82919
86017.08012478861,13225.869709808112,13979.535219942469,7701,1,0,0,0,1,13277.10007664569
25604.814087146766,9614.898731756613,7832.2497454693585,19733,5,0,1,0,0,39881.92382
58618.53805411953,8096.975619190201,19006.154826365077,46357,3,0,0,1,0,103613.10162204638
96990.89377974984,18632.40621241499,27140.677901331055,41995,0,0,0,1,0,94367.70509560335
15283.296086503247,13580.313943509556,10048.112312033778,15855,9,0,0,1,0,51139.23001096166
11933.48020263183,28976.313942521665,7278.913517733892,9551,9,0,0,1,0,40859.41552383238
15960.782818011881,28503.48326556845,43213.625010129406,48814,0,0,0,0,1,95627.38304755645
60225.844205399364,2505.9962695130953,26565.037973768947,26420,8,0,0,0,1,63195.884607899796
87365.74296467923,13655.412120492241,10920.895331025158,42420,2,0,1,0,0,81453.22944143313
62708.00529002173,4331.696538185729,9362.008972886208,16802,9,0,0,1,0,64862.74996417711
84671.86767186971,11754.76318954621,42874.10483070905,22325,2,0,1,0,0,53060.239995168624
86408.36414233304,21821.475079177053,3560.091468218284,21886,9,0,0,1,0,69209.66535724777
9479.964925519245,13203.267161695923,18496.43027505401,5241,9,0,1,0,0,20863.13949430283
22944.147201556123,22424.52380909766,35243.875625100634,20864,6,0,0,1,0,63052.80623430114
77233.29031,29037.882233193013,25662.84342941777,49705,4,0,0,1,0,114611.86057191434
7160.857675807993,17928.795847427005,3239.7691164013886,33236,7,1,0,0,0,67672.76454937086
34270.115615530856,2863.5119588495686,7759.919354262354,45709,0,0,1,0,0,78792.56118814451
63546.60169212582,9021.312975552151,34063.65617920946,17634,9,0,0,0,1,48112.077332738554
82888.29773680551,28379.787737928018,35903.54470206074,16969,6,1,0,0,0,50623.17056674884
28862.501169186682,6251.6155773938435,5301.568813857264,31495,0,0,1,0,0,65996.34971697796
7791.6820106290525,22713.45944363611,22583.362966747805,6985,0,0,0,1,0,21079.285876160437
5297.645338206136,18874.330702565192,35276.229683133264,35991,7,0,0,1,0,86248.70775313074
31321.742655049395,26782.728771992573,26980.91546076326,47672,8,0,1,0,0,101507.35823333511
51413.61345320196,20089.69137421849,47563.25196476092,35402,1,0,0,1,0,79042.06321
45918.59854535015,17551.552038811755,27449.50765299302,45692,1,0,0,0,1,84346.59012899935
94119.47715725342,6785.058156,42162.325916309186,38673,3,0,0,0,1,73728.37842894412
50226.77840923685,2196.490184157292,27487.46744082566,11639,6,1,0,0,0,34521.07218
93398.43712078899,9062.523629566094,30305.59497866151,27807,6,0,0,0,1,62273.51274293583
58003.97925666351,17937.069564968748,44170.40123109358,9341,7,0,1,0,0,37067.244231845405
6089.780251708648,7447.199863460693,38990.249737310296,40305,2,0,1,0,0,78857.25494366421
94397.93085399875,6559.508362912322,18646.38532444759,46321,1,0,0,1,0,101652.25553817015
34228.889918770175,8933.799172371782,23699.69252,37198,0,0,0,1,0,75763.67231112585
23440.331378524555,10177.536896275582,32847.54052701677,42008,4,1,0,0,0,79162.55663438792
83274.34805801851,26532.862106349945,27174.688155527336,47172,0,0,1,0,0,92675.55283448366
22281.879030711072,26246.382423612136,28194.58756430405,40677,4,0,1,0,0,85039.92919997095
18451.59008620766,3184.7013198762015,27315.221337622752,5683,1,0,0,0,1,15043.249210883367
47088.52362386335,16710.881673808886,14609.321853745574,21984,6,0,1,0,0,47967.72970167154
67086.15556,24463.31480163646,48161.41456824596,7073,4,1,0,0,0,29249.957276234683
9284.49757,28659.158554322526,28808.31978823183,25903,8,0,0,0,1,58958.89944121569
46041.20442520768,19741.253225126595,11119.812042182757,30107,5,0,1,0,0,65357.838806849126
22270.134924954957,14311.177834746508,33309.95821317424,17841,3,0,0,0,1,32816.31552240993
77682.72263,7162.646069425973,16982.334582657866,22863,3,0,0,0,1,50528.99683977907
20713.933010903602,28347.845645574824,47941.02875569086,9092,1,0,0,0,1,19351.83565650059
64333.51410454787,22732.88479666332,2002.3819014742282,34183,0,1,0,0,0,72749.53117712746
5285.690258111605,21310.410347094443,31610.07410427287,29164,6,1,0,0,0,66395.65937449365
32577.57561186924,28959.365655185105,37552.93909179717,38164,3,0,0,0,1,76321.01234552055
12657.46660043282,14370.100852171867,28461.940985674955,41494,5,0,0,1,0,90391.32285808158
98416.24211582106,28345.865394630353,16114.067585772518,11628,6,0,0,1,0,42135.73584
63515.82791946268,27713.365569083857,18973.866484884507,11320,6,1,0,0,0,36476.45311987025
15437.83392596024,14499.520894632422,23509.771975959637,18632,8,0,1,0,0,52858.93280216114
74542.74498204603,7822.331232191398,37566.402538767725,28842,4,1,0,0,0,68840.37711414101
21150.50363872926,6524.958082277296,34429.366007872886,35144,3,0,0,1,0,77589.84127527139
5216.024123533217,7407.662313843365,33456.47657,25481,5,0,0,0,1,58256.74761617645
87729.67330822692,22523.438542150165,49183.707357682506,18649,9,1,0,0,0,62726.112175668146
28571.41867579712,26775.73318012377,18561.35991111354,8499,1,1,0,0,0,21319.07290240815
84172.97000113066,29228.481822603546,25695.294331582998,37929,5,0,0,0,1,86009.69410812565
70862.88294355167,11191.04547946446,18555.925394294332,41314,8,1,0,0,0,83937.50421671034
99192.50170709765,13845.294250806164,20284.523851065824,35386,2,0,0,0,1,67400.75191407335
91670.63176,28120.398924940604,7453.409592308889,17611,6,0,0,0,1,45844.75474589455
49152.645650255436,6527.6557550657135,33854.93121,14345,9,0,0,1,0,57355.42448488768
9162.018579078882,29913.917929890777,25863.207548520244,38542,6,0,0,1,0,91419.01059814382
26435.250093336163,21926.26148234377,15630.583466905258,16157,4,0,0,1,0,47634.28648199774
83667.05478064323,13908.753743643718,42103.57571367689,15917,8,0,1,0,0,50474.44027316741
7902.986253651659,19394.56723288478,40182.08796904405,23329,1,0,0,0,1,46480.72409260084
10942.518891431868,22684.00363434854,40839.32217,38772,9,0,0,0,1,83945.53326460854
36760.87357140209,15098.835982112987,45708.42979485842,12524,7,1,0,0,0,40735.01138146879
72335.17107289238,5637.637841283234,41506.98236559106,31796,5,1,0,0,0,70772.05681647352
12698.851177614699,19778.65953124994,46971.71120342378,11051,9,1,0,0,0,41078.30534
35656.70560656367,27742.659143820718,8067.006493650025,39997,5,0,0,1,0,91259.42752579109
96079.3201,1776.712252804785,45405.11218446299,39598,0,0,0,1,0,87546.44094104678
95186.91717070036,17413.731418616517,14651.754555699354,9202,9,0,0,0,1,35905.13269274771
39406.148875069186,25058.507693477277,25065.870600303373,26639,9,1,0,0,0,67117.35065802473
65692.60418387665,2204.035301201512,9269.410373975526,47569,9,1,0,0,0,112134.22512948122
89800.21833765846,1569.9551385055233,33211.93088130819,38171,3,0,0,0,1,87494.30173298536
53343.49463655164,21358.76556,16183.869379589969,13454,9,1,0,0,0,39779.97652130871
89436.99224071745,20658.898810254665,46485.52244550243,48607,5,0,0,0,1,95202.12152336877
10541.598539943077,9276.288282464922,48705.86693916858,24837,1,1,0,0,0,50332.81611
85103.33832504637,2365.6672920528836,2843.124329,12466,9,1,0,0,0,45665.906771255446
24743.092516828543,22038.65244603616,15955.498590493822,10262,4,0,1,0,0,26132.171810460946
65357.261328366534,15366.329813637067,12806.769745150708,19063,1,0,1,0,0,40929.92768490289
46013.483978284305,21696.45496358308,28814.025812879994,48593,4,1,0,0,0,97366.19491763866
67778.29043725436,17006.759627198637,21285.710349302557,19213,0,0,0,0,1,39189.030253926394
93869.24067745409,3431.177121457605,38266.45387560817,28871,7,0,1,0,0,68124.83502909068
62076.38586567795,26017.60657911513,13184.852547091414,6194,6,1,0,0,0,19676.34274342388
85089.37325551797,16716.871831219076,12581.945580505611,28755,5,0,1,0,0,59643.27332656596
49197.16157,8508.153720496794,33155.366096566184,7727,2,0,0,0,1,24122.227184533403
63678.53257962324,22706.796229985935,5515.127825352538,11668,1,1,0,0,0,27726.70304952608
25981.846526520196,19153.449505362598,38881.96684236902,11932,7,0,0,1,0,49206.100748851415
38862.371454448345,18677.55960589401,13833.57382716211,37737,3,0,0,0,1,78991.42269
61223.74902612478,4484.076804801707,20510.97001617057,21031,6,0,1,0,0,52442.29323096165
24205.19901587878,16320.850898494726,26130.09988587313,27600,1,1,0,0,0,48176.81175891393
42427.14730387118,15277.834347858228,5299.456875967046,28519,0,0,0,1,0,69616.01098517556
92071.51433783188,23599.668351884695,16679.699769720595,38422,9,0,1,0,0,83548.92760953457
32663.824444103797,10706.43133366796,8513.62392,35332,1,0,0,1,0,73303.36311
61926.56609629147,8565.293105616482,12501.77832210336,45744,5,1,0,0,0,93043.37521295427
83296.55546937397,15291.348944784717,37384.105462175874,39836,9,0,0,1,0,97205.82517698153
48708.826172293906,9506.794743508006,11337.009879184288,49504,4,0,1,0,0,92341.44972223975
61274.49697465586,19742.54412668164,44177.187162053546,48874,8,0,1,0,0,108743.04962874895
51844.71452441098,12809.577426886879,46774.70851,40559,4,0,0,0,1,84697.59360663674
33446.58076715121,15265.194940117339,13787.871672197383,41180,7,0,0,1,0,90733.41412
68842.91641982592,18450.320976351584,26805.770630433122,16351,8,0,0,0,1,57711.22559401803
15651.616989368807,26233.743279548467,40469.99788564602,40477,3,0,0,1,0,84722.89120828155
38470.99891344643,22708.676665468596,44124.85585914508,43070,8,1,0,0,0,101996.23918397819
56618.67838050572,7695.648176974574,10120.119263323111,10218,2,0,0,0,1,19091.174540065385
24204.906372767808,12562.846496221813,23510.983964378822,35778,7,0,0,1,0,88517.39615539815
36886.98527174487,18693.354369567078,30182.751069491762,46003,4,0,0,0,1,87886.40133072036
88490.63448796429,27231.432950498795,12344.093814013333,16057,7,0,0,0,1,41247.67250876619
86276.17008343416,13236.321517463484,29832.75071527904,30255,8,0,0,1,0,77408.02859
60649.08664343682,26559.612729622684,8285.084681825974,44676,8,1,0,0,0,95596.62489132494
83140.92119371943,3337.877980218557,24654.04927,36130,3,1,0,0,0,75625.18843208178
9784.681761712456,11989.971924676382,35032.18359146676,5016,4,1,0,0,0,19048.74071686092
50654.70901465909,29661.249724113255,31999.760939395972,25955,9,0,0,1,0,72218.29960817251
98606.19194971467,21814.087765490574,29078.90887418928,32504,9,1,0,0,0,79103.47774355418
99575.72479885703,3848.099967870951,25757.860347766386,33239,3,0,1,0,0,78716.49277426317
53066.25074221239,26684.725898105473,21129.49364466741,26435,6,0,1,0,0,63788.102720031085
62494.71472614188,13796.313373564775,35805.28867776057,41070,1,0,0,0,1,79611.72353560217
91068.03582,6414.971323069299,13952.165874037173,7833,7,0,1,0,0,31852.429263946713
56375.32974804427,27735.18428996795,9470.157695902715,27296,0,0,0,1,0,63633.76167085755
64627.60453521973,13840.226535211306,43899.34496138392,19418,3,0,0,0,1,43748.884161951224
40531.72009129947,20967.821950549205,41491.33332224924,48042,7,0,1,0,0,103245.60587494224
8690.284729347812,13606.286364677133,7826.287980581324,29557,3,0,0,1,0,74199.64940051912
