age,annual_income,loan_amount,credit_score,employment_years,loan_risk_score
59,36727,15399,358,22,0.4060878590577065
49,54304,16739,806,24,0.16168139677697094
35,52477,10957,421,6,0.24358155784199703
63,58534,13423,778,21,0.053455251912283036
28,36877,12866,395,16,0.23370477906478065
41,43994,12290,713,17,0.1672053750850913
59,57640,18164,534,9,0.2106382950647936
39,68709,12752,361,9,0.21774208080562968
43,64488,20087,555,6,0.3266265305560669
31,51230,28315,647,37,0.2225152947832142
31,42689,13522,423,26,0.23640800970330378
44,56057,15761,781,32,0.08687384038227058
56,33629,16897,616,0,0.3646720316968809
60,37744,24057,803,33,0.20914174037076333
44,72646,14586,347,3,0.24504432004210044
23,56030,10854,708,16,0.07248951921788661
42,44787,8668,435,3,0.24515345419363407
22,62437,14710,500,25,0.16292928576623655
44,69304,12758,549,3,0.3027787662797342
64,43330,25050,613,0,0.42139605866846475
50,43588,23849,667,6,0.23043859983725756
58,41710,9828,728,29,0.07078630485112339
22,64457,11446,779,8,0.13616262504857898
41,64603,15368,613,34,0.10132791799622061
53,70788,21986,799,7,0.1985476384130863
32,65129,15285,654,23,0.14269289677810842
42,25516,11763,784,18,0.22285748670123195
64,54214,14705,510,35,0.224676646422113
45,34124,11857,343,26,0.20532345943188937
47,42306,18012,840,31,0.20234006590833936
62,52558,11454,391,13,0.20444657940576139
48,62533,12447,564,17,0.2919323310750252
36,36637,20809,519,27,0.36182446948385033
35,15129,11158,741,28,0.2712502302108556
64,52707,7769,700,15,0.09383487825680241
23,89653,15474,699,34,0.04456575205685148
57,46957,13197,789,30,0.167347674200209
27,50703,17557,784,3,0.21039070057267004
41,76732,16587,769,36,0.14025255618170757
29,58854,14840,744,16,0.2707974409206899
59,53252,14694,568,38,0.11561378372462747
38,56631,11320,566,25,0.10278377302192145
24,53753,15416,353,38,0.21760717677460129
45,32903,19406,827,3,0.332088018384293
34,29878,10132,819,29,0.0895048202740438
29,78302,14973,358,29,0.20236229361595265
46,52758,20191,339,21,0.3510503965438754
22,51501,17527,536,10,0.16933550767594605
40,48646,21547,685,1,0.28096982875001086
48,61716,12159,599,11,0.16365827705480016
27,88080,5846,694,29,0.0903251560431957
64,57859,16003,506,35,0.2119062460957819
28,41178,16812,635,17,0.24161153989586595
55,47998,21842,813,25,0.1322129505051925
34,66064,20940,477,6,0.24279200904575776
37,41257,17683,695,0,0.3363820536705493
56,62783,18826,670,25,0.18625705843690468
60,15188,14040,617,22,0.4191636891094164
24,46551,8904,668,25,0.15022052086665375
22,59422,15588,683,5,0.24594804633262254
26,69051,19912,361,5,0.2692614899236262
62,37722,18281,804,7,0.20033525421511394
24,27458,19169,538,23,0.3635328803766444
49,46088,12861,494,21,0.271349341138184
38,33118,13672,521,18,0.21054575762368655
46,47764,17417,360,36,0.20589098142224208
64,49900,12267,428,17,0.22238229523350947
54,30212,12421,455,30,0.32227081529909307
30,62066,16489,677,36,0.158563296364214
56,47641,18804,736,29,0.10652980062601218
34,66206,14002,506,32,0.15973945857494845
51,22326,9184,687,9,0.22696668949483437
35,34742,11320,779,36,0.06579152665279647
28,57750,16018,639,11,0.20011785258918266
34,38013,15957,639,29,0.18857842021074295
43,47531,16206,503,26,0.20085236117352503
60,50010,17606,460,38,0.18201051453785747
41,52373,15029,839,8,0.24224616429157042
36,39836,16325,691,20,0.19216816929848685
38,52239,14774,833,11,0.16382820910628987
44,38261,20743,369,28,0.30288165778091203
46,60114,22161,704,32,0.13969696840558354
45,48277,9054,816,14,0.13323805328056357
61,52325,13723,419,1,0.2808587020597432
49,88548,15163,516,38,0.13894819878503317
35,33393,13665,355,17,0.2537741813326112
21,70828,23964,665,2,0.22972541715827194
45,10109,16119,803,6,0.6124308377638153
27,18824,10973,754,17,0.2459752192797268
29,31390,17982,403,37,0.2926228456066384
44,32337,16354,376,36,0.2816022006636269
21,53055,16520,529,32,0.20981166476733332
64,54347,24039,557,30,0.25457101922019315
28,46177,16753,563,10,0.24266177992808835
44,47751,13481,630,3,0.18339354919668072
31,57916,5223,481,17,0.1104424628882357
37,62498,14173,849,3,0.21165219179693034
28,30101,21529,326,33,0.39387426238374046
55,44571,14544,575,28,0.22506736554336534
55,48956,3799,598,23,0.165634382282696
53,57279,12508,390,21,0.21316841516889856
25,38409,19963,779,1,0.2388864541851198
62,48661,17729,757,5,0.16966306545408996
59,50449,10800,750,24,0.07328518692601547
61,39432,12173,664,20,0.2469852392143126
48,39075,12946,650,15,0.18429505482999609
27,51481,11686,699,30,0.18137127550282833
29,48044,4851,552,13,0.1585643388051311
28,57507,18817,758,38,0.09099870022162262
32,34201,21285,798,27,0.17672212134344095
54,44739,7407,807,31,0.052878004043473426
53,46561,21219,603,27,0.2982470106580802
43,62207,14484,800,8,0.10740486178694342
44,35893,21125,465,21,0.42049203779511934
57,53519,15189,714,31,0.0976113539950785
55,53791,15677,761,4,0.23587151692837965
64,74695,16862,413,22,0.2082843732270292
60,34893,11049,732,4,0.1967328577851899
42,40141,20973,655,31,0.1615562880516868
47,35939,9393,506,9,0.23192938509200686
55,24953,12989,534,38,0.17760022513567209
21,76470,17621,741,14,0.0756972740587745
55,31377,12454,654,6,0.25617206227766043
57,37755,18887,814,28,0.1567749195840109
34,69736,21879,507,2,0.35404542586023413
23,23703,20062,424,18,0.4591536055399252
21,61345,5319,437,9,0.28555997956541695
25,28804,15629,638,27,0.2111176827886881
46,68700,20143,836,28,0.12806170334357952
34,17451,8416,367,14,0.19229289884016443
59,23697,18618,840,34,0.23896354375246476
47,41826,18337,682,5,0.2634777834766558
29,64577,8939,318,11,0.24690604358926302
35,49535,19171,749,37,0.14525206914450925
35,44964,16363,373,12,0.29473892857659423
46,70190,18251,575,28,0.03705058922576501
62,82328,10168,347,18,0.22321582580925475
33,60083,15750,510,2,0.27781320758520095
52,40657,6475,839,7,0.1997672558744374
59,43727,3615,490,7,0.2104443953060392
52,30673,15704,614,19,0.25508692480990014
24,51512,20502,412,3,0.3702072241913564
50,25556,16264,469,20,0.21270224460404225
57,58277,14682,767,2,0.16436240289383222
43,80083,14062,313,7,0.2232402889075485
59,60763,10287,587,22,0.1559453944934781
35,42962,13890,488,15,0.1347345211922698
63,57904,17108,454,12,0.3177946173367849
49,74308,12823,770,2,0.15310269583682196
56,73557,18752,374,8,0.28441929946271444
33,34943,15979,576,13,0.2803114242786617
52,57654,16584,642,12,0.26835977049635895
27,47628,19443,724,6,0.14401742811913165
42,62098,12366,810,14,0.13976887744167452
48,55754,18296,481,6,0.3275791906623824
22,14454,13067,757,37,0.2956951518172631
62,44779,16697,363,33,0.19638746913661076
26,52978,11771,559,21,0.15243205285531355
48,28484,10446,492,23,0.2171078541874167
48,58715,15459,705,36,0.08705177591563837
64,27139,5573,392,0,0.26172922022317047
64,38023,13518,729,9,0.28803945577770707
40,70119,6968,733,15,0.08997334993073597
50,36743,18896,703,7,0.24698698493767796
31,58609,20250,733,24,0.19417146354054646
48,23696,10680,411,11,0.3022657935744559
45,81219,17141,674,24,0.07826651091973748
59,45431,19495,358,16,0.3014389680417389
53,51429,19512,342,25,0.2659038916527637
21,52685,16072,506,13,0.28874260347012237
47,59113,18671,595,35,0.11864818676521754
33,27212,11753,417,22,0.32556983964693337
61,49919,15415,831,5,0.1797191245549148
23,40118,12664,521,4,0.20671531429239243
59,24656,11331,465,24,0.20301839821071244
26,64806,15180,455,17,0.31743187404460926
28,44717,16737,483,12,0.2606432951882196
47,53637,20817,389,13,0.3392284804636749
29,52697,16325,393,27,0.1475604213689864
57,44977,18209,312,17,0.4374283902354792
53,79625,18266,737,27,0.17257056090399683
62,49291,28437,837,26,0.19836303363275273
64,26630,5949,449,31,0.16856304858410817
44,43994,11560,307,8,0.3233235435153961
35,57496,22370,328,39,0.2759037769593709
52,57988,13239,595,31,0.16011822093509578
52,33683,19429,639,19,0.2757367468152845
44,63942,16150,738,27,0.16267808856534266
61,23556,25526,443,32,0.3537686774896787
32,67162,9434,818,3,0.12360557667298849
59,30209,21109,344,33,0.26384521120333576
22,46606,23747,538,2,0.3514993830567437
23,65968,9927,454,25,0.14203038760775535
57,51794,18914,480,7,0.2005331496993259
37,62250,10172,514,5,0.17589118407545123
22,59279,15150,387,15,0.25558032040578477
22,69294,13717,555,23,0.16103643961220737
48,65933,2986,810,38,-0.030659543597021995
43,43193,17121,372,29,0.17364226013288114
57,59494,15716,478,12,0.2404743786786743
52,27101,22395,511,4,0.3886322818739321
53,49131,18055,533,24,0.2119302766159606
21,62277,26454,764,19,0.19218491884169536
39,52007,15535,522,17,0.24579269166705814
22,56699,14472,563,17,0.24394951591456066
64,46800,14078,506,1,0.27601022626210014
46,66936,12802,665,9,0.162383480404368
52,48793,3961,575,11,0.16279796248155443
26,43018,13899,679,12,0.19020263818574137
52,63297,4660,608,10,0.07189986359247737
24,28922,17260,567,18,0.3552188057353684
31,57515,8799,363,34,0.22065603167418027
37,34362,10528,649,38,0.24362630536520163
58,69168,11652,793,25,0.21547455098743104
44,46084,13975,822,13,0.10626240444747218
25,52024,15034,397,23,0.21901284176633418
54,56188,20422,370,0,0.4475556732216201
26,21054,12112,663,21,0.26205725121005896
42,40241,17400,575,22,0.2516348738409557
31,65653,28654,349,18,0.22775970453317967
36,63016,16886,657,17,0.19081530381296788
53,54245,14097,784,11,0.2625893763962911
29,29758,11104,383,27,0.3186566503688611
26,58782,14028,595,27,0.13359411382557326
36,60700,10568,535,32,0.12653247123452133
49,50705,16343,355,18,0.21162017966521068
23,68347,15517,659,27,0.10299281213371414
40,39748,4188,409,36,0.04986324700969946
56,42352,14907,491,25,0.22332320102667416
39,12730,20380,392,34,0.6785530364224712
46,63797,13004,359,33,0.21195121879435377
23,54707,11735,338,34,0.26813444882356924
39,24772,8111,839,39,0.15697854322189664
40,23621,5710,348,15,0.22579745764305992
52,36910,19156,719,37,0.15604583925664145
27,61904,14092,312,12,0.22882184797881291
61,45494,18860,335,22,0.20469142170000543
53,37928,22656,400,21,0.334201564433307
60,34908,19606,385,15,0.1951828728247764
59,34236,12288,815,27,0.17798219997103049
38,20994,15724,522,34,0.3204632867368541
60,31889,11926,637,7,0.2683850682740607
21,33941,11458,465,21,0.29221479264296224
31,60239,16714,682,20,0.18270757475458305
48,47514,10838,675,25,0.2286854148393277
45,37616,3954,770,39,0.08395527338345007
43,84645,10559,330,20,0.1719199552063929
51,40041,13465,674,24,0.17041030640243948
50,67506,22606,310,0,0.21445645333135918
62,74316,12545,601,5,0.15162056697630621
55,26450,17559,395,22,0.3321659030437063
27,51109,14158,489,22,0.24035959388325795
36,42236,21132,752,22,0.1806402133372866
46,41016,20785,491,31,0.1966834261576481
22,58330,20880,785,29,0.055806516153432906
21,40656,6330,565,12,0.15394692044508235
32,42560,16033,723,17,0.2979395107287459
25,47478,18794,427,22,0.27683871270708055
57,44399,16907,537,14,0.29986508887956403
52,32396,18182,654,32,0.18948757402296873
29,61938,15291,411,20,0.1486844020918171
61,65727,11276,745,38,0.0201194426233655
55,55154,6514,642,22,0.1245163213426915
39,44351,11772,444,26,0.11045138834116582
36,39421,28390,364,17,0.33757577823629964
23,39445,12571,546,23,0.18032045339464925
40,85360,5203,789,39,-0.030907241652467665
44,64067,18663,738,6,0.09256011501717654
53,37398,19277,405,19,0.3263251788469362
44,52470,21436,480,26,0.24691385946717917
31,44561,17354,483,5,0.32963753973963816
28,58757,19228,525,26,0.15412313537961245
56,58152,24201,388,8,0.3515524115812537
58,66254,11272,829,30,0.1574463234062707
60,37241,10280,670,20,0.18827563235451727
40,51571,9527,698,25,0.09818857332635371
55,23771,13671,405,39,0.2869936744514735
45,31139,22167,570,12,0.3165547548884532
55,63261,17640,802,22,0.09873337552923309
45,35739,17443,824,19,0.239200543978798
49,37386,5903,331,36,0.17253312978556054
38,49875,11534,692,27,0.1993086968697593
38,60421,5821,339,16,0.18701634753195193
22,34087,20856,517,27,0.2773480596508176
55,-2212,22928,381,1,-2.9300566953843794
36,36946,18897,500,24,0.21978663179827337
61,68084,10066,746,5,0.19704586641916405
56,55147,22410,727,10,0.33513728973919465
53,69858,13733,337,37,0.16806987042033916
24,33022,8927,510,5,0.2145756812851492
53,25409,10177,743,10,0.18306850806016753
34,56938,12849,626,13,0.15391917530921778
41,53600,15247,526,1,0.3415621649968513
40,54583,14193,347,39,0.16293671981629054
28,63994,7936,317,2,0.2283519124883891
27,56325,21066,738,34,0.091537625373183
23,56084,14246,486,32,0.19653304933181737
37,60725,11431,644,23,0.14408173260613097
53,57536,20551,523,18,0.18223775770270714
32,62861,9082,787,17,0.07102529893737536
42,65127,6855,528,23,0.22648813980597085
42,72975,21362,689,34,0.14233685689027775
50,40262,24456,487,0,0.37272245144710126
58,57208,12689,569,35,0.1504417311223207
58,44445,14770,609,24,0.26613340556032755
28,37496,9266,431,33,0.13796342500825068
47,39656,15027,371,24,0.24656625562795947
47,57424,12621,486,15,0.20563464412985774
54,56273,14489,785,33,0.023978409210927226
41,56006,17046,490,28,0.1602068806587881
50,46614,9509,721,18,0.19888503496682716
53,50051,13190,419,22,0.2634817989757458
48,62266,5981,519,18,0.20855238638246312
53,27659,13225,352,24,0.2711653232853754
25,50369,14532,750,15,0.1492978868688913
39,51349,16144,711,8,0.11762187379901805
24,61299,16197,536,0,0.29974790989108385
55,29746,19519,705,18,0.34080698072842
37,72427,7301,721,32,0.13479047403250113
64,53204,7568,546,33,0.21190745763532
48,53998,17644,371,15,0.2943371648367998
50,43979,4805,484,39,0.1992387460941438
49,58070,15916,305,17,0.25793646464132713
26,50719,9098,505,33,0.06414010482519139
55,68134,22864,843,24,0.18535549745848273
61,28377,16252,686,5,0.2077089814463734
57,52633,13904,375,20,0.24952546858919494
44,56127,21138,476,5,0.3362492463892851
49,47204,9682,648,31,0.1477752725053692
51,43930,10632,554,38,0.2611656316560805
55,44555,8692,607,30,0.042405438903555
53,52619,10674,644,9,0.1826838992748736
41,22850,15305,426,29,0.32907839818218493
52,64475,17469,586,17,0.13369517395036204
43,42798,19807,786,23,0.13871278402123619
53,51917,5876,682,8,0.11122717734410704
23,55506,14140,705,30,0.0805594527163215
38,42112,9459,687,14,0.1653378021333228
45,48034,13973,824,3,0.1557388362020254
62,19471,26670,575,39,0.494020103879126
51,60981,16459,799,8,0.20544264546295482
23,66201,19497,636,8,0.2477955394093902
60,24485,24803,780,25,0.33736053899423063
44,43902,20636,572,3,0.31314962298654075
52,31551,12760,357,16,0.3490838205354697
42,47333,8620,627,15,0.19188300486386978
43,59729,14849,408,14,0.33653074612952755
22,64809,12161,578,34,0.18440205677711605
47,66827,7377,627,4,0.26150779583392847
62,69658,16204,614,4,0.09069892739438772
22,46663,16329,773,19,0.1804318444322957
46,32795,23845,410,14,0.37046055009565876
37,48281,13191,528,17,0.2089796389209182
60,59499,16400,796,1,0.1526483767337071
53,31591,11672,455,28,0.25359284190937875
29,74902,19365,772,12,0.07549646638211993
63,63468,14376,571,3,0.24627125590923804
59,46901,9137,301,9,0.22653529242818807
49,39336,14932,810,30,0.12327287508698694
62,39963,16952,585,7,0.2940357430396385
46,51113,16276,312,2,0.3210566347271699
55,46558,20229,797,8,0.27551372775295135
45,64257,7759,537,29,0.08889673062960055
44,44855,10786,393,10,0.25063324407972176
33,57582,18198,637,34,0.20436718130888093
27,49566,11373,470,36,0.18630724396463014
56,54045,16202,766,12,0.20098058286301426
40,46549,2901,442,35,0.1825985703397293
21,60615,28579,500,12,0.273486005567936
28,60838,13651,479,11,0.19626740991310576
36,56898,20969,663,36,0.19335622574833566
34,59112,13315,778,9,0.1545447138224901
32,35834,17073,770,8,0.2978677927439073
43,54848,22459,683,6,0.26562591960782916
35,68738,20829,716,1,0.188767926806028
48,57371,13977,607,22,0.19218312029120543
54,34539,14323,666,38,0.1275663263059921
22,49253,20017,300,39,0.30118172577626395
52,55624,26666,343,38,0.19825571704710704
43,38639,15961,397,20,0.34161551360057796
42,29625,24785,564,22,0.37932528497843954
45,45258,13792,439,28,0.2099003448091003
42,38887,19759,780,13,0.27457127114650565
42,49785,20505,536,25,0.2605099987979836
62,26128,12950,371,4,0.4179160260357217
26,58470,11264,489,30,0.23378800376794345
35,40480,20726,567,24,0.27780453615855843
63,64936,12342,620,30,0.09254833157999218
57,45846,10528,406,19,0.19878664456031878
53,49619,11580,531,16,0.20148998213086672
28,47404,12321,341,1,0.34932522313944625
64,39677,19283,438,24,0.2599216870604929
64,87084,17575,572,12,0.17730972972750628
25,42562,18578,780,38,0.24483591350534747
59,65352,17106,715,27,0.1375753036333344
24,33595,12030,805,5,0.17377834118263288
26,55581,18485,723,2,0.2634879581877312
52,57183,20912,706,34,0.15578656686622594
50,49637,17922,689,17,0.13422078629195117
55,41434,17248,641,10,0.3011051211011483
60,46050,11164,792,19,0.10152473448237676
36,43950,16059,491,4,0.28626761559504593
33,86030,10898,798,18,0.10183136062983685
62,49660,14879,532,21,0.22371380757780718
50,57873,6798,526,18,0.05692082121876947
39,76724,6837,670,15,0.11483145349895607
37,36855,14044,438,23,0.31000130379464763
39,50564,12257,448,3,0.32308221052135594
48,45962,15533,414,14,0.21940964371743207
46,48707,14326,749,24,0.19803244830927766
57,47314,15150,362,34,0.18781240437383506
46,39021,18043,403,13,0.292667471211552
43,52931,12683,572,18,0.17619669744751332
29,34060,13902,305,37,0.26362409968512535
32,64833,22275,446,35,0.2606996557141831
21,59349,15015,483,6,0.26048066668894065
21,42598,14103,327,29,0.24357379990591402
54,43325,15412,849,18,0.21031984018963862
52,54132,14193,418,24,0.18017171487158656
45,38021,11452,592,15,0.20970560037969624
60,77179,10009,670,39,0.13354766346164484
21,55368,11182,543,7,0.24178794757670324
36,55898,19364,517,17,0.21646274856562964
59,60221,11850,476,27,0.10388472506149457
25,41308,14225,598,15,0.24064631352358645
42,66335,18503,357,18,0.17574604694487467
49,51718,13608,568,16,0.19466363998626826
23,64252,18166,607,12,0.27094304014852477
32,47030,7296,587,6,0.22326079131623067
46,69759,14337,404,26,0.10041503801379358
36,56020,15394,527,9,0.2459609900688545
57,82737,15115,546,33,0.12787710915252823
42,44457,6735,793,35,0.007674305493552108
49,53068,21015,382,24,0.2856691188738778
34,34526,10726,485,5,0.2419947885442746
48,42060,16675,551,23,0.20751347176946003
25,59280,15039,654,17,0.18592820257530127
50,66939,20018,509,22,0.1836555837738904
25,94475,25937,746,5,0.19911885121732298
32,48550,8548,759,28,0.07456529365383982
36,36001,11755,771,24,0.12962077460709212
46,61299,15945,669,16,0.23027025451796027
46,33082,9473,791,23,0.19702065636106086
41,58464,18910,436,10,0.18401312459834063
59,42466,19216,666,25,0.2538987135435263
56,53173,17797,483,33,0.2741924739176963
53,66365,16182,586,27,0.24563649169604823
50,48338,21848,771,2,0.2752024055016509
57,63993,9221,674,10,0.10677003739929786
43,63097,15326,836,37,0.11516191729158107
30,22035,11305,810,13,0.18736337431064132
25,36475,19449,549,25,0.25113963025403474
56,26572,5833,809,20,0.14465620205135368
54,80026,14859,372,38,0.13293576738175203
51,48419,16676,581,29,0.13679717796328966
30,76712,10262,659,7,0.1908617643890808
39,25505,11869,309,19,0.4127632478783578
52,41408,15076,510,31,0.27388698700310765
21,62007,19775,451,21,0.2724163440844355
25,52689,9835,304,6,0.3184282657541192
24,57992,10707,494,8,0.2510393550413522
36,31192,20627,582,0,0.38394124202732427
44,70652,13635,763,28,0.15329793042187315
36,61655,11112,412,7,0.17120927650111661
22,56024,18643,570,3,0.26818704772911534
48,39715,12559,462,34,0.19711514495289514
52,54857,20137,759,2,0.23048141179567702
47,45627,11681,404,39,0.16117577435971991
40,25242,14202,581,6,0.34310862160433475
44,49243,19724,461,26,0.2057962832174537
32,47649,13868,650,0,0.20767955688100254
55,65936,18780,733,26,0.11528190965162281
53,16483,14672,439,15,0.4694419814311407
53,53527,24908,770,37,0.16533792966184552
63,32666,22843,431,6,0.37033355273151275
57,54788,8359,386,22,0.18127595758306397
32,55614,17611,482,10,0.25678172669562105
23,48697,10917,667,32,0.2114222258172378
21,62109,15957,428,35,0.12704388694767915
53,31313,15341,545,36,0.2625174995420903
60,66615,9723,677,16,0.1680864345168199
30,39378,20292,448,34,0.220033901071916
63,26661,16016,732,4,0.3713266667780697
64,45914,13576,768,31,0.1574631103526991
49,18572,12809,745,2,0.30122746616840784
33,53812,15698,780,34,0.026015717671274807
32,46111,17039,593,13,0.2502843416624466
51,68505,14375,442,30,0.18171433013377958
22,59733,837,549,30,0.0484915893423566
55,29120,15084,601,16,0.22180586643568745
43,37424,7792,324,23,0.27215279008911913
37,57809,13952,369,22,0.1327956761640804
46,62706,7977,411,17,0.21467206747611017
28,68337,7917,663,13,0.1368838472702794
49,68217,21175,602,14,0.24133263166842023
46,48657,13399,770,14,0.1517212636897023
30,55439,13016,390,5,0.28083321327119115
46,69481,17412,829,26,0.07798269935259969
54,45450,13147,491,14,0.23378922031441446
61,55695,25519,541,35,0.24711765773098734
27,45096,13634,437,7,0.2779199044926155
24,41735,16825,644,14,0.25342758604004845
31,50725,19854,479,2,0.25331944252169186
49,39686,23011,802,12,0.2257083812879369
56,48036,11289,502,33,0.14121873345102626
45,34475,12910,491,23,0.22548837746828423
41,47150,21372,304,39,0.3348827645899925
56,56725,19050,536,31,0.17942264389951706
30,41168,20375,610,31,0.17026958765277111
57,50139,8156,848,29,0.10385320769633329
29,52090,22739,355,12,0.3847626369427448
44,56788,11192,742,0,0.12147633940213072
55,47996,15961,536,33,0.28978745439072384
55,66287,14258,496,14,0.23358143751233368
56,18486,10607,813,13,0.3000360920432968
38,94066,7937,748,28,0.15266665980374655
59,36932,6280,659,33,0.16208473054359043
52,56050,15595,329,17,0.25803157141161936
44,35922,7373,407,6,0.3116952806657848
43,59664,9330,744,28,0.1145838761467569
52,54148,13909,737,30,0.18317348949030116
57,40239,1805,756,24,0.1355685151120193
32,66096,18894,794,37,0.05188872169961865
33,47540,2950,546,13,0.19736037076153687
43,58208,14613,842,7,0.1506021467901093
45,36242,15075,738,26,0.1930486327198819
55,49536,17690,577,1,0.2752241369861435
61,80051,14791,410,16,0.2233088354365682
50,64444,25089,684,36,0.24202951530932007
37,54614,16081,490,13,0.17221799399538415
40,43266,20268,789,24,0.10877106663488117
45,51012,11382,725,29,0.02718445237172154
42,52963,15603,704,28,0.20619072193930293
33,56738,22737,634,19,0.18487267071601643
39,33850,13811,508,20,0.2594816842368878
56,60026,15961,321,21,0.24600516484151308
32,33656,19904,507,34,0.22880571338844874
61,74466,11288,307,36,0.2258143553679052
39,38425,4192,828,15,0.09403201443501083
32,54449,16277,465,16,0.2283835692675028
29,65077,19943,795,15,0.17902044878938927
27,46214,8242,728,1,0.21574775400299676
48,55109,18351,462,3,0.2357436886745318
34,71527,18384,665,20,0.21428187630935897
51,58466,3632,825,38,0.10201150140957575
39,55333,10318,538,33,0.07554694711903351
36,24728,13020,371,29,0.31207942076258416
25,35994,14101,744,5,0.2147229871729419
55,65703,11284,808,16,0.1563666434949224
32,58549,11014,568,38,0.06695476167363143
45,60821,23357,714,24,0.2686554741140954
41,59530,14462,544,4,0.15448616006490634
56,69346,11524,359,4,0.24316971830744552
43,46079,14794,305,19,0.29876729230097376
36,51807,17685,706,15,0.1644744514711507
59,34569,15258,516,36,0.17883159187282782
62,30829,13971,325,39,0.27309435458101916
59,25343,11749,304,8,0.35143840903854145
34,36722,11689,831,4,0.1902606615663533
51,73288,12010,689,1,0.22747898788024754
25,26709,16694,747,8,0.2720214875940613
55,45446,10029,445,35,0.18997759645991782
43,30602,16966,687,21,0.22684526334682467
49,40985,22064,548,21,0.2375953381363188
63,52545,16628,825,21,0.13408019085724077
31,39498,13152,761,33,0.1133965826129574
38,66344,8509,312,28,0.17262477259640305
32,73009,22890,683,37,0.19911738563204562
29,16263,9149,698,32,0.21182913288542674
30,39755,19242,318,17,0.2947355137821907
64,50887,18192,790,6,0.20777098148115153
37,66891,13816,718,0,0.19823371333240342
58,43186,13685,636,32,0.10607441019276108
27,49700,5821,718,0,0.15127533085877293
33,32648,16650,421,23,0.2795025495820024
60,27008,18099,731,3,0.3129332187790313
62,71680,9554,343,3,0.28805658540610096
29,22638,14220,616,17,0.307836625939928
47,84929,15189,680,26,0.1900499187415893
22,60877,17922,444,31,0.20576546356962117
25,60199,15019,626,32,0.23635700462374257
49,58632,6868,662,27,0.08883776324277133
57,46209,12350,349,35,0.17208341975580219
58,55881,16123,364,5,0.3157752231410132
39,47166,19207,654,15,0.2989881349764708
28,58296,11911,463,33,0.10091445904119618
21,49494,25938,440,22,0.28884011267995474
42,35744,5527,427,23,0.1578785195238412
37,36941,12181,697,12,0.21206515696778702
27,35235,14584,762,17,0.20287876660794546
45,64563,13996,486,12,0.28795027389298755
24,40738,8839,489,36,0.15461249753184197
56,21318,17239,687,38,0.3546899507970901
26,55952,16855,728,16,0.163322970213145
51,72717,15239,583,14,0.23701737851996912
39,61596,16659,536,17,0.2239522664754233
64,40950,12881,493,22,0.3098605703004726
59,26197,6913,586,29,0.09493245722573275
47,47985,11416,435,33,0.12832647678048972
30,47611,15785,470,3,0.37295518806904465
46,35462,15813,458,2,0.28434622025659423
39,58265,15206,500,6,0.21215677481734416
59,77699,17743,786,17,0.09727931744197617
23,53334,12094,803,6,0.2215090210073523
33,52407,15133,670,39,0.0688078010842223
48,35941,17860,402,5,0.34311194036553483
40,70961,14575,424,21,0.19607255677222582
48,48872,8783,612,0,0.261740085935739
28,41315,10192,757,3,0.16020523906700013
61,50955,19154,529,28,0.23906313197736104
59,57079,21962,496,20,0.19016280143601694
21,52088,20876,722,25,0.3015496859378533
23,68092,16160,470,13,0.21612993969683553
33,55759,8984,681,8,0.16853947152890617
48,45740,14968,472,11,0.34235117250668773
45,56017,22811,752,5,0.20338988481593645
53,57494,18092,649,19,0.2775661290090382
58,30554,13962,793,23,0.17242663959196722
26,67241,18143,303,26,0.27823694047099806
64,45486,8653,392,37,0.1437009312217037
52,45870,11521,305,7,0.2182833737570748
41,61270,9579,587,0,0.2295143064727772
36,61207,17347,445,23,0.2548138763870715
41,39487,18570,723,6,0.19017247335139223
31,62043,14230,756,18,0.13057184875760244
57,41593,10635,501,21,0.2663632142061856
56,77293,14901,511,34,0.18260642121486845
55,37577,12567,305,29,0.23630453311751498
39,53592,11019,675,28,0.10298289934439876
40,38269,16694,746,21,0.30025113133621495
38,83340,11210,405,10,0.147712050641056
61,31432,7168,700,19,0.15324854372428712
34,57865,8279,395,28,0.10674629903593548
35,38976,6983,687,33,0.17534213400981766
51,44688,16237,751,0,0.23194035379281813
21,56803,15752,715,30,0.1488661992340757
23,68368,15502,803,29,0.2450264907308952
36,74350,17938,753,17,0.12302918278029137
43,26945,20959,590,16,0.44195839303081685
31,54016,12038,833,37,0.05882137228906925
32,71892,17032,492,13,0.21113294781994113
30,24720,7101,449,22,0.35743888847351996
52,54715,21893,814,24,0.1604544500722013
36,49968,8775,692,14,0.08614161795272364
28,56218,11449,615,21,0.17798614727358858
58,38415,12011,375,2,0.29192716177355366
32,28465,7368,569,18,0.21712569753300995
44,21303,15162,524,33,0.3010452153312506
48,64645,16069,829,34,0.2052902999252692
28,66560,14052,412,0,0.2942309520096701
48,54540,7298,550,20,0.1069830182092569
56,41987,24916,532,28,0.28907740153477374
46,25654,17746,382,5,0.36515934911467995
28,58450,28171,424,36,0.24243985006777738
48,33488,10974,474,0,0.24125839503853444
48,39330,19789,368,0,0.46971353373422314
57,41201,18896,346,26,0.25660789800866596
61,47036,13547,555,20,0.24019401326060238
56,38614,22055,329,15,0.3402640337139342
47,50501,12972,580,39,0.08516861333685447
37,40672,13195,536,25,0.218592217771439
29,60520,-2357,547,15,0.142144968589249
53,65465,17045,667,27,0.1816005908606378
40,51628,8372,794,0,0.03071353331520535
33,56939,12246,324,35,0.13904410129621306
48,81767,9868,789,9,0.1759359922302346
49,32410,13168,793,16,0.14911972265381362
33,31497,17219,613,22,0.27491800421650786
55,60424,15055,674,6,0.13825731929966617
26,79198,18548,324,6,0.3156041109738604
38,46092,21328,633,14,0.3014403194708203
25,75902,13156,654,33,0.15221177217956805
45,51446,12607,415,3,0.31999670139917324
22,39786,19788,347,13,0.4132562126349897
30,35139,20185,398,13,0.28747912446198276
50,59441,18702,758,15,0.13910285679162537
25,36275,10239,822,6,0.22114356680723984
53,51219,17113,704,31,0.21359821782551092
21,73751,15547,513,18,0.16381814635929115
38,45398,20262,802,1,0.20549558071409826
52,69710,12135,747,9,0.12134811696727009
31,31781,6666,557,16,0.11161081705414344
41,41991,18451,420,36,0.17942701600192917
46,28892,2208,353,11,0.15000330595243236
45,51094,11342,630,5,0.19115468570324673
42,61701,9884,540,21,0.18204057021094158
47,51127,9850,829,31,0.1069120680380375
33,68405,11254,782,19,0.09242792856127259
53,38762,21086,486,0,0.32464361653303947
54,53380,19102,561,5,0.26903788929484296
61,42087,13741,663,18,0.12214638170129974
55,55425,20668,790,17,0.23145976838557608
21,57556,9688,730,5,0.2305014654281493
41,58735,9008,538,32,0.1081427779393828
26,33941,19317,603,22,0.25393624155448224
48,36653,17898,597,22,0.3131878066808792
37,39435,12698,375,25,0.23971159381098656
25,46416,9322,632,12,0.21095716553926286
51,51307,22298,773,6,0.2288822475619359
25,60621,6399,582,14,0.23754143697777347
58,37278,12007,371,26,0.2688379017503864
23,25984,16142,562,25,0.3190160289610711
43,82336,24010,311,32,0.26262185285058165
57,33028,16915,440,14,0.2873572654736499
57,62544,17401,316,35,0.1984511418853075
30,50469,12153,362,26,0.26052619657670995
30,53769,17842,552,4,0.2659863552604045
39,49976,15526,764,1,0.15205548008050807
37,44227,7057,675,32,0.20270064065163568
41,56959,18964,819,15,0.21858008254231287
34,43421,19851,389,22,0.2925044343093995
29,67494,19016,474,37,0.16681860786251518
21,58526,15166,375,15,0.26193830670746115
33,58993,10219,699,13,0.18087259926965912
24,42393,3454,370,28,0.06573385428619422
21,46454,15785,479,25,0.3323511562276452
60,32181,20409,423,34,0.2662345996810219
52,44704,19977,680,14,0.2389665472696745
54,34451,19080,592,2,0.32359824974231216
48,69696,14628,494,22,0.29157209284985336
51,50758,20437,527,28,0.22238461925034692
28,52557,19620,730,33,0.2371533524822262
59,46622,12886,735,32,0.15031313274096
46,52963,18382,760,22,0.12220397284734663
54,86973,12320,320,6,0.25893720277612153
23,45497,17700,363,2,0.32037379114190606
32,40243,8504,464,31,0.12251488129407853
21,57945,8888,326,30,0.21219630582297483
64,12114,20291,610,17,0.6175769639645378
25,50959,19687,584,6,0.29130837667097137
50,44424,18168,580,0,0.29588748834591816
50,35115,15439,463,13,0.2579045757312499
37,57616,3043,523,31,0.15370243315258522
43,50809,14625,445,5,0.23792701514415174
35,22963,17270,329,38,0.19822853879393854
57,40302,12326,344,9,0.29474374128591374
41,6675,11437,770,6,0.5901423149601774
34,54399,22222,333,25,0.30080363091922285
22,54249,14698,726,33,0.22790081832090647
31,38100,17273,520,29,0.34254191749668034
59,58101,18870,833,35,0.10567763299770132
58,30762,9992,666,20,0.1494132586361506
54,35502,15966,849,16,0.22438580095479718
58,56257,21598,415,32,0.219016662027542
54,39669,24096,538,9,0.35272852699505136
38,49060,15199,634,11,0.18322178767221167
50,41545,13810,740,15,0.20064016546213598
35,43836,16345,447,31,0.18858493677108487
47,44491,16218,308,14,0.36109903116262454
54,39398,21933,587,26,0.23439448419114928
58,54536,10018,687,27,0.15901662011225823
53,40581,13600,349,16,0.21518365019980545
44,50235,9414,816,1,0.2007784599251897
35,39069,9939,577,35,0.10473491120249782
50,26985,16882,599,6,0.3447997094590155
62,63686,19049,434,12,0.3087748388789335
37,57492,11753,446,14,0.21138821126698715
25,84330,18860,789,24,0.06998815664949054
49,34340,20557,777,22,0.26660649606151354
24,46865,24673,458,21,0.2556271182257186
30,48072,15348,683,25,0.1523631656951854
37,64840,11801,462,32,0.17916780583467676
30,42393,9987,740,10,0.23959055853964079
37,32434,9491,488,9,0.25179164521537345
40,68117,21248,714,24,0.16672303903439692
44,45250,7424,638,36,0.14597788712508145
25,63179,21088,480,37,0.1972119567381546
54,61432,10657,587,23,0.18820177216579442
26,49551,11573,486,39,0.21214093961399286
22,47385,14242,437,32,0.19095738768705436
33,44126,11481,429,16,0.07336431322702186
63,49772,19659,493,23,0.20409797948451355
63,62946,24066,615,36,0.24042653102840075
31,38053,11712,443,1,0.28391084255157095
43,51632,12838,315,31,0.2060191148828509
36,33220,14183,601,23,0.28750996538775186
51,35088,17705,722,8,0.25642794023501686
31,49535,14232,544,3,0.14606694019704808
36,20597,21936,406,16,0.40870832540432644
28,80908,20733,387,16,0.2667497825838615
24,32104,9072,428,29,0.20822405349779843
60,49398,17604,640,39,0.23155579962754508
24,67523,22601,303,10,0.26745712168138525
45,37056,12526,626,20,0.1886395230092281
23,15459,13528,709,20,0.3014780004205826
52,43325,12359,605,17,0.17469611508665042
23,36877,12464,524,28,0.11350722171551149
47,15854,6657,647,23,0.1969486825953051
49,54273,8358,620,9,0.175223971710691
52,53106,15387,480,16,0.22716466305791833
39,67134,22567,685,17,0.30464577209612614
41,33187,11933,407,19,0.356280074698556
25,26012,11786,830,36,0.11309047977213277
38,43899,23507,709,17,0.14912338628272231
48,48674,9458,595,16,0.17333393805872688
62,63820,6693,470,8,0.21969919577611818
42,71158,10857,630,13,0.12201328953157313
41,68217,11686,792,28,0.05449015891624015
26,54148,6262,494,30,0.22258625651980493
21,61992,14359,311,3,0.2759339493059126
25,40392,19742,494,17,0.3210052603245968
61,52525,8570,789,19,0.06928577622663268
32,32130,15437,481,8,0.3081128276706698
46,50940,16979,615,12,0.20847131068382554
54,51329,14583,329,14,0.23905209298223354
34,75831,15928,395,26,0.2628376511237343
46,46565,15986,680,14,0.13854766675232333
47,51350,10936,743,27,0.13657025636233922
29,53554,22492,597,36,0.17776951975090843
46,43177,21238,660,18,0.2680117820922271
42,37962,20949,673,25,0.22762062171237446
50,69482,20068,602,25,0.22585949562816438
63,35286,7125,720,24,0.08417953796100336
37,30081,19630,545,25,0.3629137826397497
46,60203,18278,536,25,0.2010240579828819
56,67367,7317,833,27,0.0026590764972747455
21,43228,13925,484,17,0.27426717251427746
28,43459,16383,767,31,0.14517972469927223
55,54238,23321,662,2,0.18283598603294945
35,39382,18623,582,1,0.3190465312062588
42,38274,10677,635,32,0.2046066869931022
34,63193,23476,461,18,0.32208525168414137
46,59106,15218,459,16,0.210323295119834
48,69667,13720,773,32,0.10446460685354568
43,31211,13364,621,11,0.257363881560749
34,42463,6882,311,2,0.3449348135231256
44,54217,14451,723,25,0.10681992835983288
22,36115,17487,372,34,0.2494985875204014
46,59625,13073,500,7,0.18889302633291108
34,68369,17102,821,35,0.021908785803766206
27,41249,10678,804,6,0.18587295295078063
23,50578,14295,338,35,0.29782533439434233
43,71834,16582,359,15,0.2373565182929718
63,76989,15948,620,23,0.11466675862282333
38,61187,6972,734,0,0.17082083459712466
58,58901,12804,707,24,0.16831748024921675
55,37193,23387,685,9,0.29714570808694757
35,55388,12537,377,15,0.3118754845191954
45,58352,15079,493,15,0.18340624035554437
57,46844,14566,584,7,0.22402384534792916
48,41078,22841,826,28,0.2172583728543235
30,30780,21451,823,38,0.24007520288143602
59,23934,19037,455,27,0.3664212825144258
37,20781,10133,639,5,0.2195087247527342
59,58691,16795,424,15,0.3654837796812545
42,52215,17839,579,19,0.2069597464701801
46,42742,11506,427,15,0.24830176013322564
64,45028,10647,613,6,0.24253862267123205
45,53157,23525,631,13,0.21997122981090764
37,47531,13495,449,25,0.21987525262627056
33,29891,23074,753,25,0.2580454299943905
40,63695,19985,335,13,0.3035822751868703
45,54561,17039,719,6,0.1957101959612777
24,53988,17262,321,32,0.2538278304484937
30,62563,7997,505,25,0.10469654954210683
23,37795,16033,655,19,0.18419939669926014
61,68205,22085,739,2,0.1500015852854798
38,47899,18406,395,3,0.2793123880405226
56,63328,15771,463,25,0.07459363964162455
42,61016,23559,447,10,0.27030207098262443
54,34417,14074,829,1,0.1984069093349459
28,57543,11902,593,13,0.19756712437337987
60,54894,15769,494,29,0.19967390946115562
64,50454,18832,779,11,0.2640351353744498
39,48584,6411,422,25,0.30750849845810485
62,48711,16424,699,32,0.21355805300547342
61,62190,19051,751,12,0.16253936528877236
57,58668,13651,403,13,0.2178115966331151
26,50457,20534,761,23,0.22896244322063514
46,27620,18205,695,33,0.1675405005015837
54,57416,25706,636,25,0.20640727166918837
26,60854,11246,441,20,0.18976853867909005
57,84506,19153,616,27,0.1847593863628783
53,66131,9913,826,35,0.09381020873554946
42,21512,6923,700,39,0.09711220442435789
41,51176,4822,609,1,0.1617544057472818
26,77170,17691,794,8,0.18420581835643535
26,59353,15921,408,22,0.1895267318494883
24,54929,12604,671,14,0.23626152324782806
50,63503,6132,505,12,0.2106039423999258
31,40664,11548,342,22,0.2583006397154672
50,57171,15020,544,16,0.2303632129439038
51,46242,18965,586,1,0.2593106145898814
44,49705,14917,654,19,0.15733627180499035
29,62426,16260,775,19,0.12705146639034787
23,36099,13119,382,2,0.33914116242474546
51,69319,23746,409,11,0.28908381568467495
60,43657,9908,489,39,0.13439075481220053
57,53909,11503,550,1,0.2695807524990114
56,28992,12538,590,35,0.19471838788202364
44,60797,17713,500,13,0.20259138764621035
51,71697,9805,625,15,0.16918507314142248
26,42280,15678,810,18,0.1250043761635295
22,33346,15824,708,33,0.10891247968615603
40,54169,11528,807,5,0.16120705266554067
48,71822,16649,371,12,0.21937795115365472
31,28252,9960,546,35,0.17708411803040638
24,33405,9414,643,21,0.13241346635142143
35,43187,15498,353,17,0.3425451803575622
26,37694,6701,827,11,0.09816922280315615
50,37742,4275,831,29,0.044351330470837134
58,18588,17664,492,39,0.3907166104987455
22,58835,20244,357,6,0.23539355635096879
35,55080,12665,736,31,0.04577752223081097
31,24517,11659,410,18,0.3202413273185979
28,71857,20027,428,5,0.24815863197264984
46,75216,9272,625,19,0.09734791442517848
64,38736,8183,307,26,0.2563085194243906
25,67498,18538,328,36,0.17462099885791768
26,41405,15045,411,6,0.2835770765133513
46,52716,20324,430,4,0.259678285321129
24,37463,4298,487,10,0.2100015830713058
39,83213,7996,774,14,0.17831338909210295
40,45559,15071,663,2,0.14518854876046244
53,51896,17088,503,4,0.2760621230051653
40,39680,19234,511,22,0.313012474750864
32,77919,15874,575,36,0.11474930912156082
21,78299,15823,372,8,0.1965437648627137
46,74463,13052,542,14,0.21110326964786671
34,64346,22954,401,2,0.357748041268672
58,40628,9484,470,28,0.23396839441123346
57,62417,16795,487,5,0.27193043201176836
31,49894,10060,740,16,0.15126627487993224
56,69686,17673,385,25,0.17804385082467922
33,66738,9814,775,20,0.15502510243890147
63,40261,18719,351,7,0.3798919828604057
23,64217,15560,410,20,0.16931752780167014
53,60230,23723,342,10,0.33091544364931
26,8396,13594,510,37,0.6058724943953318
30,62014,17124,499,7,0.29203328275234525
25,43523,11101,325,23,0.2387980936188129
43,36709,13560,598,34,0.14223324963195244
30,37351,15528,376,13,0.2786431551261929
64,47971,7363,436,13,0.16059584158567336
22,57200,7911,319,9,0.24137940195609786
33,29518,17999,739,11,0.26920243746482225
60,52847,14269,510,37,0.27575358083558565
22,58651,12035,734,33,0.15108702747053915
40,77927,11315,506,9,0.25047857827514036
21,33849,11507,738,16,0.2119058533186724
57,44755,15562,341,16,0.2657134252694052
29,53924,17225,710,2,0.21000099386237503
37,67211,4539,822,30,0.04265484677886353
29,45436,22064,726,0,0.2842699724132735
31,67979,21708,574,11,0.25269984056477895
35,20939,3346,747,38,0.07720997761495459
44,31199,20429,668,3,0.31723259397372433
58,55229,20276,519,12,0.2283143613459811
55,28837,15002,531,33,0.17899671195713363
50,32382,8514,627,20,0.2455167004620569
51,42083,20076,742,21,0.3263054163244854
25,61571,13793,351,3,0.33708394392867663
64,21560,17744,675,17,0.2826248590505106
34,52554,26096,562,4,0.34608231139373874
31,65494,16259,566,18,0.24748786896833
29,47075,10415,658,1,0.18887739500395448
54,44467,13321,616,11,0.2418763259076121
32,56026,11052,623,16,0.14977627966312337
55,47118,17167,720,9,0.2938368625465836
55,70857,10969,345,33,0.20103349979959548
21,33328,12635,568,5,0.22172836391948805
60,49225,8577,680,7,0.20826262430117795
42,53085,14339,417,10,0.3108555770649683
49,44323,15883,415,11,0.2922635284260875
28,6930,1576,559,8,0.24066778104756573
31,47586,16297,374,1,0.3087547317664002
61,63502,14771,779,7,0.11227391380416152
57,61671,11175,604,10,0.1796567099196987
34,55321,25143,306,35,0.3029998423159171
50,33532,19792,665,9,0.2917007153892825
55,55929,9517,822,20,0.147675157599289
41,41398,19191,647,19,0.21972756366478496
57,55302,21222,737,7,0.20788292089347601
25,51822,15660,514,35,0.22377130137283746
39,35354,16807,728,28,0.21241603379132842
34,36613,16691,797,11,0.20114740760157157
46,55325,4570,839,13,0.1465593445825742
24,46683,14065,666,20,0.14924355371470177
45,37395,13805,612,21,0.17790265232991878
62,36157,22150,837,20,0.09536822328375569
45,45442,16668,353,29,0.22678191985285978
38,73521,13511,840,38,0.12791996213037837
60,42108,14549,766,19,0.07230495900604789
28,49789,20116,463,23,0.2071703121495161
59,51524,14077,633,22,0.19997599637477032
60,33034,11509,846,6,0.07821742365716515
34,23557,13621,647,8,0.275694138241207
52,34600,19703,572,0,0.3932901856020266
58,53706,17480,713,25,0.2695293056937296
53,51309,15221,799,37,0.12300841084196708
43,60536,15957,392,37,0.14801991979123008
35,51451,12201,378,21,0.1816938610095455
53,48356,14030,516,9,0.2503755727134298
45,40939,11683,657,5,0.2325726716713407
37,63269,13526,806,16,0.22738505383837876
53,36212,21730,480,37,0.32312226288663753
22,33344,9610,545,23,0.20493236233052028
34,58505,11556,543,9,0.19223140526033378
60,30002,8728,805,7,0.33109800248044674
60,86221,7645,721,20,0.13828292937565995
