Product_Quality,Brand_Popularity,Days_On_Market,Advertising_Spend,Stock_Available,Season_Discount,Num_Reviews,Avg_Review_Score,Price
7,97,306,3209.2018704280467,36,10,861,4.85,1588.0400484433346
4,60,285,2617.7876136653354,136,15,154,2.51,1073.4538547990942
8,43,185,8210.625538227465,337,0,3494,3.41,3075.7061887517016
5,76,39,8810.236948121783,55,15,904,1.32,3023.0198675347397
7,100,223,5301.805634202359,186,5,1269,3.73,2081.231124274136
10,68,184,2518.965413786015,340,15,404,4.73,1384.816275960454
3,5,178,1218.1377632706183,257,20,843,3.3,463.3492240136006
7,37,294,963.0767315351286,444,15,1782,1.5,691.8910671320098
8,72,340,7218.86672880317,57,25,1564,3.33,2520.019165822245
5,92,151,4259.175405692477,362,0,1184,4.07,1920.6031071436294
4,31,126,9063.062755350917,122,0,746,2.63,3060.0701313499853
8,9,301,7422.7458771949605,187,15,1725,4.52,2667.6676033543727
8,51,308,1993.4781373544083,229,0,3188,3.59,1230.9218270272795
3,29,336,6176.39644627542,167,25,270,4.6,2145.101636523257
6,78,234,4411.503998541778,419,0,4865,3.49,1892.7885317919533
5,40,8,5814.77233460927,113,15,3956,1.53,2077.472355206362
2,41,341,7406.88432105132,251,10,171,2.24,2405.399797538615
8,86,129,8081.339221937529,106,10,273,1.81,2975.525478912911
6,11,264,8452.99953142657,36,5,2306,4.64,2901.9100872277263
2,23,157,2614.3512582630447,334,0,1158,4.04,969.7997778931862
5,1,352,408.0444391818411,91,15,1706,3.71,339.2626267695774
1,46,358,7419.017878131254,17,0,1771,2.2,2344.177565222227
10,21,5,1152.8028899321685,353,20,421,1.74,818.8472944453993
6,90,86,3217.7039272683796,62,25,1209,4.03,1316.6777993191943
9,36,175,137.7896278310367,149,0,4675,2.9,630.8827145564966
1,54,290,6848.527875776039,138,0,890,1.9,2248.7418323306943
10,87,193,1754.6069135650905,185,10,4817,3.47,1227.1288389888616
3,57,311,6587.295855947416,184,25,3267,1.16,2112.282178283225
7,1,119,9918.251909961604,204,15,4976,2.3,3452.318591497506
4,63,218,819.4416289391612,259,0,1473,2.87,697.238283690764
9,54,114,863.0723183194608,213,10,3243,1.59,736.4945704916021
3,55,145,3469.7629174000817,255,5,4478,4.94,1386.3722795913695
5,40,26,8677.226491088286,134,25,2181,1.84,2814.56764017962
3,15,136,2233.7457010341855,60,10,1449,1.52,779.799723974885
7,21,303,3667.740417310441,362,10,3096,1.81,1411.5185216369355
5,47,232,778.2035256070977,309,10,3256,4.08,630.671892220092
9,73,76,7655.237383463004,87,0,3156,2.7,2912.5022032854226
7,53,328,4142.232793318566,323,0,1590,3.26,1812.26113919683
2,9,345,7616.562457302344,475,5,4239,1.08,2449.257847917225
4,74,302,9045.717659033271,206,20,3981,1.14,3053.211016970554
9,52,289,2404.3551563027586,128,20,1435,2.78,1188.2872085871222
2,57,1,8093.2207003655185,310,20,223,4.27,2651.134490644256
10,26,147,685.0295117747074,2,25,219,4.54,754.9315643645272
9,41,287,8998.589142984449,461,25,4274,1.35,3109.8678341401364
10,35,142,6542.608620831599,421,5,1654,3.15,2532.193988379836
5,63,53,8754.84456896968,241,25,4528,4.65,3050.9294039797023
2,25,304,101.86515561016078,120,20,264,2.55,142.93434046965092
4,90,69,1773.9025965243259,384,20,953,4.32,930.3691664928847
7,75,361,3958.6179355222716,101,10,4524,1.53,1627.0815800652852
8,38,90,3857.078743409714,37,25,3733,4.74,1541.9593996968044
3,2,220,2344.6307909427555,340,0,2774,4.01,909.116748558221
1,7,192,3877.958204685281,495,0,3124,4.77,1316.5863920360844
4,82,63,1375.6022488025228,412,10,479,3.71,747.6696742998894
2,91,73,4186.335179733658,132,10,3514,2.45,1536.4083134875782
8,34,161,8043.307858676715,496,10,1353,4.75,2841.5670981995895
4,91,169,4842.793624723177,201,0,3322,2.1,1820.8357162934597
2,17,89,278.20088055762835,347,20,3878,2.33,197.60582658113225
6,43,176,4272.296011634549,20,10,889,3.8,1723.8783295042595
6,59,269,369.0326592993572,241,5,3854,4.06,565.3159595204637
10,51,73,9665.809765997303,454,10,924,4.72,3495.254714345343
4,54,245,1361.794198286403,450,15,2170,1.82,626.5680819096203
6,24,77,7106.114430673126,108,10,1902,4.19,2494.970916904872
2,25,159,9730.48559663165,302,0,4873,3.95,3180.37160357176
10,71,324,8277.786611499061,83,25,2395,1.26,3071.9482680169344
2,52,98,7023.222213749416,82,10,28,2.55,2287.1400773507266
10,70,102,8410.663004057593,290,25,34,2.13,3023.124279918038
4,88,132,9819.807063280214,451,15,3589,2.22,3304.734300877381
8,33,102,6251.310522809943,68,5,2670,4.93,2373.81640831169
7,49,19,5635.929587610332,128,25,3365,3.57,2059.2662443400395
9,29,82,6319.557293586486,195,20,588,3.87,2447.5309925977976
8,63,279,5373.491278939394,139,10,3218,4.91,2227.6031551101064
5,22,339,6387.382148506216,443,15,3138,2.51,2193.313360164437
2,26,331,4553.437858928337,282,15,903,4.21,1463.635407622865
5,28,129,2262.5875105447403,311,25,4086,2.74,925.146081536955
8,85,344,1290.4475424655886,233,5,2169,4.48,1074.867127279053
10,49,310,776.5752617693779,22,0,339,1.72,846.5908952425366
9,71,89,2706.826259156681,152,10,4270,4.79,1517.40358224634
9,81,213,556.6232869237649,276,15,1714,1.88,806.2242505530398
1,84,143,5714.990721201917,60,5,4692,2.3,2036.6838579677487
9,49,65,2909.9016255328506,318,20,4546,4.02,1416.632643986423
7,20,76,8262.89460006162,377,15,556,2.58,2874.8379650087863
9,86,199,834.9846425850258,51,5,3087,3.43,986.8047571920623
8,92,143,2340.879793980711,343,0,3266,2.78,1364.233635047662
1,63,316,7329.436856192445,152,0,3567,3.97,2429.169351468223
8,61,93,6028.202134196565,236,15,2056,1.91,2271.233498432576
8,49,305,738.4635853667586,310,15,3899,1.23,681.0668232987146
3,71,224,8784.670625905785,301,25,1016,2.2,2781.873116674424
1,1,291,8784.891451979178,31,10,2062,2.9,2688.3044898255434
8,96,102,3371.039238370161,54,5,838,1.67,1666.5391274225613
3,13,267,3470.0178491606903,351,15,1637,2.42,1080.8426621899432
3,94,355,9891.38074766672,388,10,4321,2.6,3384.1383293897416
1,87,110,6299.144098772068,35,25,3496,1.23,2069.461940566778
5,51,330,5360.033553623785,109,10,1813,3.33,1953.6218352956116
10,56,265,8397.706617164053,489,15,3479,4.54,3174.281526542806
7,83,3,2924.3743497374326,176,0,1451,1.61,1425.6696912665461
10,62,85,4348.907674623933,361,5,2313,3.39,2032.9718208091142
9,32,282,2750.9890873345084,313,5,1514,3.66,1436.6308833388498
7,30,328,7912.692381228441,294,0,1231,2.68,2767.404178209382
9,29,304,5776.158521788659,335,15,1645,3.8,2271.2106772098064
8,49,117,6622.368194386699,96,5,2999,2.64,2502.2290656338473
2,45,221,2597.841773410125,368,15,3440,3.02,958.8941605489425
1,93,154,2280.2304836354197,212,25,4056,1.03,779.2605500421352
7,30,153,4934.908826931093,316,15,305,3.77,1978.2795015353697
7,16,12,7401.900916018985,136,10,3536,3.65,2677.5733658008244
8,40,133,5299.8735994495855,5,0,1723,1.15,2055.9735216362274
5,19,304,423.1922077021192,498,15,1689,2.47,322.62713196512414
3,18,293,8698.659912570858,108,25,1517,4.92,2749.714342222365
8,1,300,740.4002457998025,34,20,3917,2.68,599.445206044506
6,78,228,9562.662388835448,38,0,419,3.01,3397.009008847945
3,47,271,348.905386945,149,5,2936,4.64,479.1282573219122
1,66,43,6975.059515694017,424,10,3862,3.87,2341.4138408172475
3,92,343,913.8499307466384,117,5,4229,3.33,698.2334305116369
5,94,326,9115.698136407882,260,25,1450,4.19,3147.8522109528867
3,38,302,4697.889038632873,425,25,3096,4.46,1530.1017750793123
1,51,364,1461.4853706884523,86,5,3261,2.83,612.2606846491906
5,63,21,3474.075427919481,464,0,1164,2.9,1529.2271153712777
10,4,107,1731.7642859329442,75,5,1869,2.54,1050.7531393536508
7,1,336,1788.760924415191,470,15,1819,4.87,936.1827957557446
7,8,303,9486.272369697277,463,5,2705,3.79,3246.7442951468765
9,29,117,4507.936511619403,450,10,3515,1.33,1785.4903610587285
10,55,124,7909.14241266306,413,10,1342,4.45,3015.575520596612
10,3,281,6432.095055659051,312,20,2226,2.92,2409.4808888493476
3,32,292,6796.620987150083,382,10,1079,1.28,2195.8019101719524
7,10,203,1403.7650408731813,213,5,4206,3.2,818.343950019121
1,74,51,2418.4260234733083,456,10,4563,2.67,879.9546449426933
4,83,271,7888.828318028925,284,0,2779,4.51,2878.810741286882
4,34,324,9710.585444100352,238,10,2528,1.82,3152.8528453507042
5,97,277,2700.488861726652,164,15,813,4.31,1337.9844357743048
7,87,141,2788.5307710352945,86,0,2031,3.23,1501.5966238376336
7,55,275,4781.681614827958,140,20,322,1.22,1814.8521862123002
4,92,290,9840.019097268834,159,15,2969,4.89,3308.383292553283
7,32,334,2762.6935636820635,45,5,903,3.05,1174.513175217952
3,50,52,4129.0219053792125,371,5,1541,2.16,1433.3047179624243
6,7,27,8925.652154672716,494,5,3503,2.88,2955.603905156882
2,93,157,128.91822295148387,111,15,2653,4.43,407.19894825852043
10,8,239,493.68305338683854,406,15,2476,2.22,639.2961453773988
9,65,156,6080.30960300507,44,15,3340,1.77,2383.973107106121
5,57,291,9083.063630657185,400,0,4243,1.52,3008.298038750399
6,67,136,2464.680937979084,246,25,1141,2.19,1032.305959932862
4,88,144,4749.453569339019,103,0,849,4.12,1927.59005962402
10,87,106,4559.606486412401,84,5,366,2.89,2089.0206515428495
7,59,158,4782.41632634555,449,25,2897,1.91,1808.5646339693853
9,72,146,6262.944987724477,484,10,1089,1.66,2484.325614247349
7,54,2,4750.46325360777,133,5,4041,2.33,1986.5288663891215
1,67,77,4529.934599092332,107,20,2038,4.76,1527.128256550847
1,51,132,4795.455362269479,17,0,2860,2.37,1641.5050988137473
9,97,90,5949.587668583311,93,15,4270,4.95,2462.5061465115587
9,92,345,5416.374134678448,149,0,1854,2.94,2437.317722167234
4,8,350,8555.946376739992,245,15,4683,1.72,2637.2160998010463
9,34,263,590.0188495872994,288,25,494,4.56,695.3668056156301
3,35,351,8349.839007582823,413,20,3182,2.84,2676.011589836894
7,96,108,8454.853664856068,208,25,1784,3.84,3058.594685766029
6,88,74,2920.5894131565124,125,20,3510,4.93,1317.9081962472176
8,78,39,4682.234354656921,234,0,3786,1.2,1982.2220548541538
9,32,159,4441.531036520611,415,15,4130,1.39,1834.829839929458
5,46,71,2263.24736010589,425,25,998,3.88,1129.2197180839592
1,16,312,4028.2887861545328,498,20,4469,2.13,1273.4884453164634
3,68,241,539.4389444914589,461,5,1451,1.74,415.22840344591225
10,37,298,2850.438520539171,121,5,1751,1.16,1406.143572060616
8,54,36,8185.153536962109,137,25,2280,1.09,2837.67535566944
6,85,84,2917.1667874526856,494,15,4800,4.1,1262.3678776043048
8,14,263,8200.24602060765,114,25,4658,1.54,2777.369296597223
9,95,310,5362.834699583866,419,0,2934,2.87,2342.891863966247
4,55,172,8810.640505875484,161,20,3734,3.42,2857.8805458088054
1,48,173,5790.317587217711,200,0,3346,2.71,1989.719408717843
1,82,362,393.7154083409242,233,5,1873,1.11,353.70336355649414
10,7,47,6786.660054716183,27,20,4534,4.13,2495.8863503163025
4,74,141,544.0503234333297,10,25,3803,1.04,399.93861516310653
7,7,118,4560.910487933026,205,0,1979,4.05,1893.1892367619594
2,33,277,9301.324275283829,166,10,698,4.57,3034.4746732604417
3,23,214,1735.5189994447167,246,15,1312,2.73,696.6948825783223
1,85,220,3959.7362941212864,46,15,2962,3.14,1383.8367223883367
5,19,26,7325.617057599936,245,10,2938,2.91,2497.7155708025634
1,19,9,8834.359705338991,126,5,4787,2.56,2738.919733704582
8,36,271,6742.335746950828,146,20,2300,4.55,2380.463248799297
1,29,10,2655.9152164925754,117,15,3197,4.58,1023.4834604745091
1,60,121,6778.61774387054,398,10,126,2.34,2208.151573121132
2,82,125,3037.603646930491,381,25,1191,3.46,1139.3884573352743
2,2,170,7212.449375205479,411,10,2639,4.71,2309.0394250677978
6,1,72,9544.9279630919,151,5,4389,4.85,3200.7225488913405
7,47,152,7241.795165952254,71,5,3916,3.04,2643.0423257382377
5,69,208,8642.516978832882,362,0,1366,2.81,2956.9853555401487
1,20,49,120.82804744124579,136,15,1019,2.11,207.30273913503896
1,11,154,7203.964034842785,174,0,4079,4.84,2268.2636105317156
3,2,347,8312.916812965977,288,10,4514,1.57,2577.6767296974344
2,67,293,501.53150169234607,445,20,4539,3.32,328.8464902883838
5,87,68,8728.817500153484,480,20,684,2.13,3049.649036288664
10,12,50,2641.2728602694538,18,5,3629,2.12,1334.5073080439688
6,20,152,6686.391809582747,194,20,2887,2.62,2236.5107530733007
7,5,19,8023.513302331726,329,20,1462,5.0,2829.7709087373846
4,37,100,6660.378679287619,423,20,4086,1.22,2233.06363512556
7,38,60,1013.6194415252467,174,10,2261,3.31,773.2075803183967
8,94,167,6003.583036717647,489,20,4180,1.33,2351.4616230738357
1,9,202,5540.878201549222,448,25,2841,1.62,1757.3815554938892
6,98,345,9013.180553935288,412,20,1767,2.76,3264.408910932392
8,53,146,4101.97332347767,433,20,4180,3.04,1663.0562298931363
5,44,164,3278.702861161796,353,0,3560,2.04,1443.6051079890965
4,99,242,7523.522567921016,498,10,2112,2.27,2669.61517986425
2,86,69,4185.485728225627,140,5,4758,1.35,1554.6005092745756
6,24,175,6496.352132550123,245,0,626,2.21,2256.4920981828704
6,81,49,6499.855892233609,384,15,4159,4.87,2425.837479400673
1,74,108,8891.586737165166,417,10,3414,4.78,2870.434841632721
9,30,226,6027.054782959064,92,25,1375,2.34,2281.319375632385
6,59,161,5071.32073862367,431,10,1181,3.28,2008.550246607241
3,87,119,1474.8261313255184,238,15,490,4.64,680.5235218468399
4,96,149,1245.8023061191832,204,15,3729,1.02,710.0389486355414
4,81,150,1627.783496302486,47,15,3534,4.24,916.2281241304584
3,81,293,1801.2999651382356,432,5,3296,4.79,913.8560414257984
10,14,143,6414.983217369976,244,20,1940,1.37,2416.348147461111
3,9,160,7435.714377718327,319,10,4408,1.65,2399.2725866968526
3,40,11,5346.916076971545,316,20,1882,4.84,1847.9578346890949
4,66,138,8307.27555220036,412,20,4908,3.15,2773.6169167566936
7,25,78,9913.50594466297,294,25,2987,1.06,3209.422743192105
4,73,77,8218.125028281625,127,15,3159,2.03,2720.961001113236
9,22,254,6979.335499391996,343,5,4775,2.8,2654.2682755403644
1,4,258,5371.677724427752,281,25,4530,3.77,1620.8762301042698
8,26,320,4543.645409579612,16,0,681,3.93,1886.7680106435223
7,58,291,935.4845673909692,70,5,1073,4.98,800.0508681011731
2,29,263,4053.75060910744,268,20,2387,2.15,1301.8657404581943
8,98,85,9110.33290414313,324,5,2394,3.15,3419.4454609673458
1,87,146,8099.4240360748745,281,15,2693,3.13,2624.665006729061
9,37,323,2238.908513615703,304,0,1370,2.62,1181.0193184196328
9,75,42,4719.417068502437,450,15,4744,1.68,2011.6077093277397
2,70,125,8185.559705329591,6,0,4340,4.91,2783.6240784056413
7,18,167,767.107092376673,313,25,2156,4.41,580.9019209896408
10,85,241,3935.186598119727,304,20,2580,2.99,1890.7348947558935
3,42,280,8533.228245052082,102,0,4391,3.41,2861.1404456480986
7,100,188,4098.588855284225,308,0,2159,1.91,1832.2358402412037
10,41,302,868.3849828412646,192,0,3248,3.18,847.169320287463
9,38,19,5471.09024846929,240,5,3731,3.78,2206.943601923239
4,34,68,8631.250699691123,61,25,3829,3.06,2824.0515121677668
1,17,218,5943.826875236281,16,5,1627,4.96,1863.5793758788222
2,37,102,2340.163171320895,170,20,3472,3.45,855.0912060520538
1,25,42,3903.972239360075,24,0,27,2.48,1325.8312254402626
5,76,288,4556.221275701128,250,25,1985,4.09,1727.7307554897104
5,87,167,5834.736902823215,252,25,4153,1.68,2134.8790157798767
7,86,109,7617.57515495087,386,10,1521,2.54,2824.794472227687
9,85,36,1078.8488146422906,206,20,296,2.39,965.3582393105094
9,27,232,8907.555126873907,28,25,2181,2.73,3056.18706228247
3,57,229,221.86605985914835,116,0,3402,4.13,419.9560463186619
3,31,353,3763.518113275127,490,0,2296,2.94,1404.0787733020354
3,6,164,371.46106872931074,415,25,2597,4.18,178.57559593103923
4,91,73,3990.4448309183836,281,5,901,3.31,1668.1481993800824
8,40,136,5305.544728845905,379,20,1098,2.37,2135.2970839464124
6,98,353,5165.645727156966,143,0,1677,4.24,2129.6434144228983
8,12,70,1739.7206355798269,24,25,2881,1.95,885.1672450876364
1,53,196,6492.8310499465615,309,0,4866,1.9,2146.0752387747348
8,71,269,543.3066599962153,155,25,1378,3.02,604.7127645035058
4,10,49,7642.877519310912,72,20,1248,2.04,2362.625241903173
1,45,316,9471.779896536107,119,25,3735,1.04,2842.0452948060642
8,17,130,3463.7113887960672,311,10,4241,3.59,1425.3154975912335
4,26,5,5220.669878971886,320,25,1264,3.04,1839.2060675945215
6,85,27,3851.2117527822625,92,25,1907,2.78,1550.2080411385166
8,92,160,166.43286401019355,85,20,1058,4.87,614.0338927506995
4,62,149,3920.1575786616477,335,25,2749,3.28,1485.1049648378844
3,46,264,7938.03056668733,424,20,2048,4.45,2556.3216148634046
9,64,230,6000.28953761647,498,10,4248,1.56,2320.943659384713
3,2,200,1102.4731546900734,363,20,2476,3.28,453.745559869453
9,54,50,8486.680947968473,434,0,4016,4.47,3244.8427339617156
2,65,67,5357.744914363904,117,20,4603,3.33,1829.0077265676105
2,51,300,8433.061281272294,232,10,3197,3.87,2771.734641507482
2,53,58,5844.193035971791,198,15,4586,2.49,1937.9637975533378
6,36,259,5640.915603895605,205,25,3553,1.37,1986.6864739450205
3,26,342,1142.0659334504226,412,20,4440,2.83,511.3024252915895
9,29,326,1756.8613580724168,338,25,1761,2.58,910.1597936828782
4,21,130,9723.050039316251,146,5,220,4.47,3225.618972876533
1,11,215,2362.0187928722307,449,0,4818,1.98,766.5212049157816
4,40,172,9776.775968104643,424,0,4623,4.87,3314.486917576434
1,11,258,5365.9357945902075,428,5,2888,4.83,1729.34834130265
5,36,102,1444.3115659329776,270,5,1664,1.99,897.0625509190363
4,59,209,1083.0918072615602,386,20,3986,2.39,588.7328229908824
8,39,291,2167.7542999868256,138,5,4576,4.58,1124.7143116829682
8,99,354,9263.809567250824,180,15,2977,4.87,3392.833859641401
7,54,286,4200.087220849446,429,25,1871,2.77,1674.3941035367282
3,98,116,4014.7992531298523,29,25,1462,2.28,1554.7079732465816
1,55,264,3200.741984594723,56,10,344,3.1,1102.749975381481
1,24,150,1555.912320609225,231,5,44,3.75,535.6522974815855
3,22,300,4929.726852204823,145,5,2068,2.09,1730.559906232996
6,69,36,1387.473046860273,434,15,1514,3.95,789.2119787630993
7,56,333,8371.254340185043,383,0,2598,1.21,2975.7685299801387
6,33,287,3766.9301641255342,47,0,1001,1.2,1507.1980249621106
6,36,303,3810.555321039784,193,25,1033,2.55,1437.6849236469297
6,20,311,4792.663641983243,223,25,2040,2.41,1735.4573154486895
3,83,208,4496.864360340941,135,20,273,2.26,1576.077593987963
6,99,106,9949.093933287284,21,15,2647,2.96,3453.241717377847
8,81,158,5499.273100061195,5,10,1779,2.28,2206.6684123708887
2,62,121,973.1968675197198,203,10,4476,1.77,508.8389581318553
5,98,55,6108.085681611607,238,15,478,2.24,2253.1170632188787
1,73,12,1600.6844994118117,184,10,515,4.9,746.0056385846724
1,26,145,406.28268284028553,359,0,4286,2.64,318.8767803341725
5,66,136,9710.347321404757,291,10,1191,2.78,3320.3359022039754
3,73,3,7758.035026192182,334,10,2668,3.31,2662.289784033115
4,73,144,9803.079024896293,219,15,1411,4.93,3231.4125491315635
3,40,30,4830.996635420201,115,15,3280,1.97,1646.2103755843443
1,17,237,5369.349558374864,312,10,271,3.73,1743.3802449125392
1,1,279,1766.5358635993891,48,5,142,3.86,670.6078188083393
5,89,348,2544.383524009097,172,15,3332,3.43,1150.2975184910392
6,61,115,8401.637227538,81,20,787,1.35,2836.5392045169674
3,43,104,3626.2379064641823,321,20,1681,3.71,1269.3663381750748
9,42,118,8285.468240584549,332,0,622,1.26,3071.6611671699316
5,25,5,7119.235870441615,44,10,3841,3.38,2505.0648138786946
8,39,360,1853.9921601914684,334,5,3676,3.96,1068.0246426928602
1,35,248,5123.719024585447,19,0,2572,1.84,1739.3138230569866
5,3,364,6806.134483035296,447,10,3260,4.37,2341.4143353688187
3,44,321,2426.8684265578686,220,15,4712,1.12,907.2462391092388
1,51,121,8323.816254148762,122,20,66,4.38,2626.17566475373
4,94,286,5493.793809697349,233,25,4286,2.84,2005.2687111393127
5,98,149,1735.8962993817718,220,5,4616,1.87,995.4477806538849
7,12,84,5871.545819029564,322,25,1140,1.54,2155.055017091251
1,19,231,9997.166661143548,338,20,2314,4.81,3040.738766193198
3,44,288,1590.162767467794,2,25,2532,1.29,641.753915341837
2,59,161,8185.893608183328,181,15,3580,1.8,2608.3080319644228
9,49,272,2152.3591315568237,205,10,1187,2.39,1148.0433901176148
10,61,38,7845.644461654864,319,15,4471,3.48,2969.7499816447103
6,17,226,7372.321438901991,39,25,4748,3.18,2491.164055640949
10,74,142,3074.8449174442803,58,15,3339,1.5,1671.3621529862887
3,57,292,3325.6488638880533,438,20,548,2.16,1195.687368382256
8,55,151,7945.9617804329,61,5,4087,1.96,2851.479597655635
8,47,114,4668.310567684395,131,15,72,1.85,1870.1437061800377
2,12,237,7335.098484246907,59,20,198,2.64,2173.5975433967537
6,62,66,1565.0430589217642,371,5,3201,3.82,940.3150785463159
7,80,361,8540.32204082538,330,10,1781,1.87,3060.297876362372
2,88,341,7137.758695154959,121,25,571,2.47,2381.4576276937482
10,83,258,9078.733807464856,478,10,790,2.56,3439.5012547108486
2,8,249,1410.4865524462273,106,0,1638,4.91,612.1674847884824
10,95,331,5970.843553569917,95,20,1831,4.82,2470.1223653394786
1,21,323,6031.293791899219,346,5,1855,4.2,1922.0820960392323
8,81,180,3599.2613314131463,413,15,1174,1.97,1549.7752716835594
1,87,190,4638.817603235652,234,10,3740,1.27,1606.5400199397275
9,80,154,476.01747656954933,385,5,3277,2.27,709.5259655410348
6,70,196,7484.014382407418,61,20,178,2.07,2605.872969693632
7,72,311,5538.292546091423,255,0,2244,3.02,2166.1290658324647
10,25,262,671.6364135048204,48,10,4086,4.11,811.1750833659592
7,82,143,6839.483340308807,392,25,734,4.43,2619.5165070559665
10,89,342,4721.14256458876,347,5,798,4.38,2091.8633702364614
3,12,316,441.1664683075,158,25,787,2.44,137.49901634737154
2,15,101,9699.116495796145,123,5,2795,3.75,3083.49060447134
9,59,244,9496.210216585461,481,5,4304,2.25,3437.647954773526
8,26,12,5177.733919857255,316,20,4588,1.24,1941.0531412950415
10,26,239,1027.356964988511,206,20,3084,3.81,814.0910637348361
7,47,49,7570.750093826059,47,20,2918,1.04,2625.993063206546
9,32,42,4970.117891046718,408,15,731,2.64,2001.2108878410454
4,10,166,3094.230035064861,419,5,1129,2.32,1221.6905551517004
4,16,82,4965.039957532712,135,10,3446,3.77,1649.1595487438997
1,71,291,5272.197039514098,200,25,1605,4.06,1711.4121399026565
8,17,158,5670.845820321158,249,20,3778,2.22,2090.3441857934004
3,23,216,4468.114765187733,313,20,2745,4.25,1475.5356243257831
7,26,158,6096.977501076661,356,25,3170,2.18,2236.2517319113626
2,85,134,9195.473635003136,367,25,4689,2.79,2927.6715964895043
2,86,67,3686.4540622760524,428,5,2933,3.91,1429.0715843324517
7,7,336,7284.592985877496,317,20,1215,3.77,2552.5790006053635
6,14,7,8955.0803125599,294,25,324,4.95,2958.959854327875
3,79,14,4614.194830023375,479,15,1850,1.9,1562.9297966167917
9,7,73,4490.212780180851,313,15,1490,3.65,1787.6311077084285
10,9,163,6060.958155012318,499,20,893,3.44,2356.5594743000474
6,48,66,5954.926918282632,208,25,1390,4.66,2133.8333191455326
10,72,347,8085.234489030142,354,5,3389,1.63,3034.8486316360936
10,59,130,4817.185499405097,484,5,4239,4.01,2164.639260296665
6,87,206,9961.617201430467,210,5,4479,3.27,3486.3464156279874
1,93,276,688.7685317860797,191,0,2263,2.1,459.12251885331307
4,82,256,131.3617009489472,43,20,3432,2.9,368.88131476784963
10,95,266,6437.963284440276,28,5,2371,2.34,2681.726495813022
6,94,25,3054.5056323825793,58,15,3086,3.32,1514.8373663014013
6,39,281,2479.7856481248896,70,25,4312,4.56,1129.497499820338
5,99,253,3187.8008920423767,91,10,1515,3.28,1477.9322659321301
1,18,310,2634.8708945390476,264,10,2917,3.53,871.7629584123215
8,59,289,404.8214916384337,382,5,2352,3.07,624.5530421930563
5,17,164,9718.177119666829,219,10,1167,1.2,3176.5697033810047
5,14,95,2285.380335682539,389,10,110,1.93,957.5725964677416
7,31,270,7366.894649634132,412,0,4327,2.97,2627.54275782201
4,24,321,7649.704307472335,441,15,3655,2.24,2503.9465657465
6,99,110,9299.64824027157,400,15,3793,1.73,3267.4603521674276
4,60,336,402.43962522446174,399,0,1755,3.02,519.1515573182425
3,45,310,8733.278550625377,214,0,1577,2.29,2930.997957856827
7,98,238,5319.539190314023,478,10,1296,2.03,2147.009993601079
8,3,25,6362.186688661696,386,20,3774,2.86,2246.5055736350055
4,37,141,6480.255743498234,276,25,2220,1.53,2097.981691717028
2,43,117,8215.998269348802,63,25,972,4.71,2560.0519109049465
10,40,25,3400.732489375194,345,10,1030,4.47,1728.8584987718132
3,90,79,7357.2067796139345,291,25,2593,3.83,2489.434552115145
1,55,68,5332.923286249751,489,0,3992,1.42,1777.0343330851829
8,87,173,7954.600741622942,484,15,4613,4.1,2920.94061841426
3,39,12,9906.405724424321,244,25,913,4.23,3306.304612443685
10,15,288,2086.445072297236,469,10,2181,4.07,1133.6671200780263
7,4,128,9947.021551443979,61,20,3197,1.46,3249.86406915289
10,93,96,989.1403273994626,425,10,1462,3.58,1025.133940034142
5,86,92,122.94372425765727,331,5,2378,4.34,550.6937655645111
10,25,141,537.2031681605295,169,10,3454,3.31,775.257553208943
5,13,31,3483.645806893941,444,0,3553,3.59,1483.2741674566455
7,82,334,6365.7726737164985,268,15,1307,2.83,2430.639684887985
9,33,20,783.3924547897113,266,15,4994,3.11,685.4161964385801
5,16,146,156.09156384271597,53,25,1189,1.14,213.78021289672571
1,42,316,9377.201181742068,15,0,687,3.56,3033.7519731483144
10,66,160,8237.073695805304,7,5,4661,1.33,3208.133410816882
10,55,349,8110.913394276407,103,0,1207,2.74,3028.1837443617073
1,99,43,8855.800327469573,58,10,1894,2.17,2958.268923502133
2,42,254,7030.339300443833,312,0,4922,3.18,2365.6975086104703
6,34,130,1133.6008845060062,39,0,1811,1.53,780.5717921132759
9,30,60,4051.091861929858,236,5,3183,3.77,1770.627822747161
8,13,151,7259.179915999832,442,10,3797,4.18,2595.232343293633
5,13,287,2875.311161836057,385,20,1644,1.65,1109.1369875208838
1,18,5,6905.323004948752,93,20,3968,1.42,2118.7184528399066
7,32,266,342.53463784975827,221,15,2716,1.58,521.9632396419136
5,96,345,3130.759674707973,203,25,190,4.51,1345.76267064346
6,99,130,5536.390329144009,137,0,1335,3.11,2191.12599757721
7,39,267,6357.689312111798,299,15,4803,2.87,2239.7674438823474
3,46,178,5812.702578172917,394,5,3106,1.43,2030.3794368588453
10,29,253,7007.787133126952,206,20,378,3.6,2653.5306140602847
3,62,56,160.2786075744068,335,0,4482,4.47,363.19445062912405
5,93,83,1099.3178797774626,80,5,3829,4.31,800.0666802684077
6,62,99,8702.548097563536,217,25,615,3.5,2956.4264886714886
9,57,149,6849.311576492596,1,5,2330,1.3,2545.6442513486577
5,16,329,1218.0232625915119,177,0,1754,1.45,635.5228589471968
1,56,156,8436.536930245935,395,25,463,1.2,2535.2695612334624
4,10,190,2498.0890564632123,370,5,966,2.03,964.4027663445668
5,30,263,4834.772853532712,345,25,4267,1.54,1629.2969811433356
10,25,80,1537.4454775581369,278,0,3158,2.04,970.6833972241036
10,84,252,7130.089558574896,145,0,3624,2.54,2958.956379100943
5,5,97,6701.858768041252,317,25,4938,4.77,2303.584666963837
7,65,260,2190.0134645447483,223,10,689,3.44,1116.8530682874252
4,94,260,8647.667591884318,368,15,2622,4.34,3007.721347397976
1,49,103,4072.9296397751505,383,5,2212,3.84,1442.5521464236097
5,3,40,2995.899401600344,61,5,382,1.45,1218.324113218777
7,45,273,1608.062935698901,293,10,2256,3.94,910.2886293766662
10,14,101,2735.0633239038207,238,10,3810,2.1,1395.1243363702674
10,30,359,318.0665201157883,194,10,3503,3.56,649.2246908243898
6,68,308,5874.249175315545,165,20,1412,2.36,2078.6816323862326
5,18,221,8438.084388805084,450,20,1583,4.99,2853.43214460725
4,62,308,5534.906449472254,221,25,371,2.05,1965.0098560477977
2,37,124,2270.8122230463696,60,20,610,2.12,927.039115590445
4,25,231,433.3248643173399,128,0,115,4.72,414.41119604069127
10,48,178,2224.817925262148,477,25,446,1.1,1195.3913618326837
10,65,63,4219.602137903814,172,5,1391,3.79,1926.1905791814675
3,53,116,7620.153144127985,479,15,3324,3.9,2584.213878764597
10,79,191,1959.6442401239638,155,0,1340,4.35,1259.3687944756266
1,73,62,7225.935388211392,404,5,4510,4.9,2373.6421276784895
8,15,256,8682.641336683648,377,5,2939,4.9,3068.99865984677
5,49,7,4594.073796272735,109,25,3699,1.26,1630.3703411652248
4,88,155,8232.176717261675,268,10,1073,4.29,2849.3989518515846
8,68,92,5591.107745547446,410,10,4813,3.59,2268.085040859905
7,12,14,6407.199287100959,355,0,3569,3.59,2419.3045170431833
2,59,229,5310.156757348207,390,10,3150,1.51,1821.22590426673
1,37,86,4685.409895838284,277,5,1605,3.6,1657.5623507345285
4,61,133,2423.0690735809085,73,10,4657,4.93,1118.3120535470393
8,43,183,3101.621188664356,486,20,2294,4.65,1348.6415210822986
2,70,62,2970.704177541729,436,10,3662,2.76,1204.580078939436
3,39,219,5676.560416442766,462,5,4482,1.16,1898.91031315253
1,56,246,1287.5415609365102,206,25,4797,2.45,517.7833932652316
1,63,230,9176.237737953117,387,0,983,4.31,3093.75803221369
3,46,79,7234.4859383028215,479,15,351,3.81,2436.380182027366
5,88,149,4074.311746040617,278,10,1724,2.84,1580.2855831539525
3,11,138,1670.3790308111418,374,5,1951,1.22,626.603100917853
1,62,314,8831.722480244194,325,15,1279,2.71,2868.8539674175145
1,77,65,8255.403092001536,471,15,1907,2.88,2654.76479331832
8,98,13,7245.043371900075,339,20,4848,4.71,2767.6916883171302
10,25,213,2788.315769371299,356,15,1024,3.56,1420.6359516195703
2,71,242,4084.2217105933223,339,25,545,2.25,1422.0826562820127
3,52,213,1117.2076992789912,203,5,4174,3.1,640.1023004029704
2,4,181,1971.491294802564,160,5,2381,1.26,689.213969879746
3,59,338,7851.864709435656,27,10,888,4.89,2655.7259905440787
7,72,173,7178.88331662177,391,10,1105,2.44,2689.359936251098
1,20,160,5975.509053461754,256,10,2549,2.91,1918.5311925919157
10,93,164,8967.694586669111,164,25,1990,2.42,3286.843375969844
8,63,188,5874.338526349149,62,15,3998,3.73,2342.0071735544016
10,54,191,4722.983199639746,21,15,3775,3.65,2016.4432541354345
10,74,308,3469.6703884270505,69,20,2812,3.86,1623.5180078113956
10,98,256,9410.44020678811,380,25,920,2.07,3397.5835270912658
2,57,183,918.8830690910996,404,10,4645,2.26,435.9278789118416
3,90,117,9315.784983402003,95,0,2061,1.5,3141.1149941904164
9,41,282,8284.475133317083,162,20,4487,3.62,3051.4287539119346
7,3,196,1386.3062529034428,78,0,3639,1.16,754.8371168195075
4,6,34,5693.34514098501,4,15,3165,3.39,1922.2273303464083
10,5,52,8678.82501931596,315,20,4435,4.48,3070.413038513417
5,5,112,5760.9107197108215,119,20,2644,4.56,1966.4577638496744
2,54,252,9081.27823345016,301,5,4852,2.8,2887.8814094357854
8,47,82,9435.539786478821,177,15,1045,2.84,3295.4350244858197
4,87,232,4281.606769624628,175,15,3556,1.31,1599.9967618971405
9,49,227,3835.405247922604,389,25,2681,3.68,1674.2359715785658
5,9,233,9369.579424294652,216,20,3199,4.29,3075.837872951164
9,99,221,6783.886605381714,55,15,938,1.98,2587.8463753669116
4,20,42,1248.624545346876,365,20,4943,2.69,622.59727580624
10,61,21,518.6883173045438,186,25,441,4.36,750.3216472024629
5,35,42,5689.827604872905,231,25,2550,4.51,2002.0679573207458
9,50,113,9308.692557840404,254,5,4225,1.97,3356.5486496828644
8,82,105,8458.062153817602,412,20,596,3.2,3039.5307737841695
3,62,192,6790.892689996931,454,15,1505,1.77,2282.5579239865156
1,17,17,1477.2469040217666,103,15,861,1.41,504.1534930029591
3,88,120,2616.890699112086,76,20,2640,4.64,1016.5224251663482
4,3,129,8767.5611428709,229,20,3731,4.28,2794.930300993965
2,32,130,1909.7916429033146,401,20,1551,4.04,704.9901443508148
1,99,60,2856.550141679302,257,10,3236,1.2,1091.7735727885047
7,13,48,1383.0464468348753,263,15,1736,4.37,862.9794843468188
8,89,29,6793.4714910026705,330,25,1449,2.75,2507.4544065709624
7,73,97,9445.424823095775,480,15,264,2.37,3277.12935458784
5,68,10,2762.783512794321,181,10,2659,3.19,1203.0083483059684
1,14,242,4806.525417715729,380,20,2721,1.37,1407.2812458094918
7,98,314,6379.963423140923,255,5,1462,4.03,2498.2297021866634
7,11,232,9994.715857334744,37,20,4252,3.33,3375.5548681998216
9,56,277,1137.599843475964,175,20,1445,1.75,785.5881782745719
3,67,284,5035.850915106521,26,10,2298,1.75,1801.1459942896015
9,92,203,3912.6891870347504,275,15,2925,1.74,1682.5116446095083
1,29,247,8671.619635701316,139,20,1632,1.23,2606.0189908882844
1,9,290,4812.080537015393,298,15,2374,3.35,1487.1496960937184
4,67,264,1198.6774933929662,444,0,4990,4.36,864.5462316635932
9,25,214,6380.799038337178,286,25,512,1.07,2296.8995962635195
6,98,200,7730.7281208124095,90,15,215,1.2,2654.1562625711767
3,76,79,128.52439148958447,479,5,3331,3.29,281.41287210381284
1,42,343,8603.671185664232,60,25,2172,4.28,2677.4028350166036
4,9,344,1941.6277000560897,457,5,3153,2.31,852.3768528063223
9,79,173,5565.4867100684405,450,20,1706,2.4,2244.4188059018948
3,40,69,4216.395256805757,364,25,2106,3.39,1446.0970823317764
9,25,87,7224.572784444251,346,15,1567,2.1,2692.4848152085583
7,5,101,3774.4999863788444,162,25,2208,1.11,1362.5704348767968
4,11,8,8710.655449148937,350,20,2331,3.94,2858.7421625460224
3,59,333,7331.913973492024,142,10,2153,3.5,2405.973447796286
10,98,200,6512.360393522923,399,5,1128,3.32,2645.8607264099733
5,88,87,7982.781896072258,252,20,3510,3.97,2709.8824990750863
5,79,43,7564.828045790985,268,10,4323,3.7,2687.706148703806
3,38,109,455.79288172337806,368,25,3653,1.82,271.8248036536963
9,72,152,4007.8701030637985,290,25,2365,2.41,1725.2661055304654
4,5,17,9314.99224343325,499,20,4897,1.5,2937.5918406743313
5,48,133,1344.6702630230395,458,15,2921,1.52,658.4234123663255
4,90,148,7397.255849277307,186,25,4567,3.7,2538.664712562531
5,18,277,9748.458932219764,404,15,1079,4.43,3149.265346235642
7,70,232,616.7664275452191,498,15,3511,4.85,765.1913770201782
9,37,314,6853.719418203444,437,15,2741,3.51,2560.1345218161327
7,60,228,4734.725998880201,458,0,3020,1.74,1900.7734937118755
5,48,139,5833.835028209749,413,10,228,1.42,2153.9975248851288
10,77,211,944.879231194816,303,10,170,4.25,910.3514426809833
10,28,28,525.7688234827008,290,25,294,3.32,598.8512913432118
7,69,51,6701.979939454125,85,25,4284,3.47,2388.1829655928095
10,77,261,8250.763355225106,165,15,425,4.13,3133.435437482558
5,81,261,7841.951815836376,414,0,918,3.81,2862.3671262327925
3,40,350,5483.67670587575,461,15,3253,4.34,1923.8867851686166
7,45,352,1088.6815292481638,407,0,498,1.22,919.6042246491975
2,96,8,6911.639993976537,113,15,2809,3.99,2257.8203754829233
9,62,320,2494.699947186045,432,5,4961,4.4,1415.8467636120345
10,93,138,9119.580157397098,479,5,825,2.14,3411.817518590518
10,58,38,8398.827059502479,355,20,3779,3.56,3077.5273604063045
1,67,111,7122.8913741651695,415,15,1858,2.26,2260.0788058368566
6,56,220,9493.574962728191,182,25,2118,4.83,3186.2340052780587
7,40,337,411.076032961602,206,10,145,1.13,610.1490516186532
8,98,223,7388.384208101544,255,20,4565,3.32,2821.030128781158
10,40,136,3369.403515430413,234,25,3577,1.67,1500.3808535569926
9,91,256,9070.052268295016,441,5,192,3.85,3472.5664681128546
2,77,360,2740.084446953578,354,15,3888,1.7,959.3988858211299
10,33,329,7276.079343218669,2,20,51,1.94,2621.088546399055
2,6,49,8788.705494542735,207,15,2410,2.98,2624.3132617530864
5,88,292,512.402501988556,196,5,1820,4.66,612.9500235904025
5,19,324,4036.7110379611577,340,20,2964,1.85,1444.098237723585
6,80,78,7646.859417017193,124,5,2521,1.58,2765.8007540017747
3,40,105,4603.697006125112,137,0,1869,4.04,1699.3761973905278
8,92,169,2745.801034956594,338,5,2568,3.0,1372.1874689336742
1,97,217,2276.0729533495814,24,15,1867,4.65,984.9796231355755
6,59,119,1402.0308424721413,67,10,2738,1.59,832.3906286535923
4,59,190,8585.582642577194,60,5,3269,3.58,2976.927506846458
1,48,255,5796.018492190405,28,25,3199,1.93,1703.7674387776187
7,41,266,856.2109554154142,382,10,2579,1.63,687.0378295645138
9,13,149,3887.5452033492907,18,0,4005,3.73,1657.4752990089107
4,45,164,3740.5631429705877,170,20,4935,3.37,1359.7027802636082
4,89,140,1899.2179880236836,449,20,240,4.02,954.8836413389242
6,53,347,4411.525492174688,73,10,3440,2.24,1728.812327965202
3,42,258,3387.7837173920507,60,20,4631,2.79,1163.5581162286492
6,100,269,3483.856684372607,426,5,1407,2.62,1572.8706631210032
7,63,181,7416.3629221007905,152,10,3502,4.94,2673.132110868055
10,27,160,2310.3075165014434,275,15,4038,2.17,1273.0056247453479
10,38,351,6454.413592668018,47,5,82,2.18,2520.659876825593
3,60,288,5749.4312764212555,210,5,3768,2.42,2074.156880139143
7,7,288,5724.115872144886,342,5,950,3.26,2095.1081772886637
3,5,226,6663.7727268035815,407,15,610,2.01,2098.153018620745
2,45,11,5528.982158336974,138,0,4669,4.66,1903.6853081691997
10,58,10,8804.625636979208,109,25,3605,2.06,3217.396387678416
4,31,271,6788.242910307572,481,20,4554,4.58,2254.601315225848
8,23,273,5514.936188576742,182,10,3283,1.41,2110.9106281937816
9,42,183,8314.654890847683,27,0,2173,3.63,3081.87384737084
7,10,153,6100.85099284145,196,10,3484,4.63,2144.0571328578535
1,32,315,2982.3280530732723,190,20,1522,1.67,913.5827125326583
3,53,334,2150.239689948055,314,15,2601,4.87,864.5164962662741
9,30,124,1608.0450780605202,388,5,2657,2.81,1025.3086596022729
1,39,114,9004.606604206407,50,5,2159,4.78,2840.461594478197
9,31,278,7130.340774800851,148,15,2449,3.71,2696.6009874759857
8,82,213,9380.046537826776,267,0,3830,2.21,3417.660168330381
1,100,172,6072.5888765779355,49,0,121,1.75,2097.8968632354436
6,2,288,4786.668726799634,387,10,4368,2.21,1766.9952249292694
5,78,174,691.1932408118043,245,15,1317,1.37,613.9533189473344
6,77,113,6749.258587305695,112,0,4493,1.58,2509.3726386032254
10,93,122,5863.866721705488,169,15,2518,1.42,2360.0000015341816
5,12,32,9903.068046517452,467,20,1230,2.69,3110.021933149629
6,39,222,2467.6719000442063,165,5,1133,4.18,1142.5990821615028
5,66,119,5354.2998173396745,408,5,1301,1.57,1963.8293328695045
5,96,39,6544.477617668919,13,5,4034,1.52,2416.0961579502905
4,13,268,6481.452629949202,202,15,1910,3.57,2149.5784449278594
3,46,233,5656.806075189187,287,15,1505,1.79,1934.2384711593274
3,27,18,7791.587302239533,394,10,3185,1.39,2488.6270271083254
4,17,149,2129.3139743154825,188,5,1916,1.67,878.3421339519977
9,95,149,7283.709282716717,401,10,4915,4.69,2928.1121569748598
2,98,126,6235.372257187583,154,5,3548,4.29,2244.502937854023
9,60,302,8971.143606766276,54,10,2757,2.42,3256.7412049454547
1,64,360,8487.22494643246,181,10,1956,3.62,2716.4702618329793
1,88,238,3219.9556874122773,209,20,178,3.15,1123.3251363879342
5,35,135,2834.7495172540152,375,10,896,3.71,1152.0941925286072
6,70,151,9818.367906139234,470,15,1551,3.73,3358.0600285526248
6,83,236,5319.925291061039,74,10,491,3.51,2119.9608792555273
3,30,224,9073.567542752924,276,5,60,2.06,2937.1758492612635
7,71,203,1722.4221354267738,427,10,1077,1.16,914.4379871589706
9,74,256,6463.907256521726,132,0,2895,2.82,2681.9806416095066
10,96,86,8117.615854869803,342,25,4160,4.56,3109.483016018199
8,98,150,9479.212970905824,424,5,3683,3.28,3410.0167212460883
6,63,235,3439.6673960685325,58,0,585,4.33,1522.4077724585184
8,28,345,7277.31358224812,344,5,3960,4.97,2719.138393815857
5,60,22,5434.248789492229,488,15,3770,1.65,2043.5042415125374
8,79,348,700.2263680580351,181,25,534,3.77,663.062287504467
10,94,285,6930.997399358539,457,25,3462,3.7,2765.101255775359
4,37,269,6931.95592655465,405,15,4011,4.92,2446.9610993150122
10,93,258,9313.007367980716,338,25,3398,4.94,3422.2694951404865
8,22,29,5023.393217072827,320,15,2155,3.75,1937.1422841788362
10,68,213,2379.4841150340953,63,0,1004,1.97,1337.4297721415403
2,20,283,541.1818521419236,326,20,2499,4.19,275.98149858856186
5,96,50,4214.8576481904665,259,5,326,1.43,1708.227795739993
9,100,95,3088.975330767268,192,15,4703,4.12,1617.0750991342989
4,68,88,7634.774229636368,142,5,2706,4.64,2748.7414424419326
6,91,44,3607.2508719263615,103,0,1,2.53,1577.3704583468261
1,64,278,9495.804843516955,459,20,1033,3.52,2898.7751998437866
9,17,171,9626.871009579065,405,0,2481,2.72,3425.3990639099075
1,12,189,6246.99504315531,213,25,124,2.75,1892.7753894450248
5,22,353,9293.73684144734,241,5,1104,2.24,3114.3919368184543
4,17,184,7632.458010693506,430,20,2699,4.05,2488.4037408326
3,10,3,5513.910445653749,208,25,1861,4.74,1800.2107386793211
6,65,191,1885.0485606855034,92,20,2920,4.76,1066.4868086232634
2,22,118,4640.119640787016,429,25,128,1.7,1464.12260068423
3,90,19,5652.657187289914,141,0,437,4.5,2097.1287349368204
5,82,23,8653.219649276602,433,15,4846,3.95,2988.9560039281805
9,50,30,4865.200427703082,403,5,2548,2.01,2016.267510427038
2,14,295,8986.97925951177,433,10,3129,1.27,2881.330775945063
10,64,108,6776.054892332342,111,10,1221,2.07,2643.051432223393
8,47,281,1456.2907242313465,416,0,901,4.65,1022.8975000433685
2,29,128,9950.315556318421,374,5,3168,3.53,3164.578988348711
5,76,229,5319.603341463735,58,5,4486,3.88,2105.4301703112187
7,36,111,3979.397134449881,42,0,3918,2.03,1754.411003072198
8,99,136,6625.226268248312,206,5,1067,3.88,2660.698532946063
1,52,362,1178.0438084122868,267,15,26,1.11,458.7517877129573
6,76,186,6401.732602858208,295,0,547,2.5,2424.358922516174
1,7,144,5032.536404942803,117,15,2668,3.51,1449.7455820435534
2,29,72,4126.073292985973,19,5,566,1.58,1439.6795311100327
1,11,129,9534.898209671102,221,0,703,4.29,3024.977783701123
5,33,364,5273.143195647327,165,5,4280,1.94,1933.1600612272343
10,6,261,2269.2630467523904,130,0,3140,3.61,1229.4058043215318
9,79,3,4643.738445835256,155,5,1590,2.62,2009.2986898017223
6,32,104,9201.935305269459,183,15,4943,3.38,3096.6293447556786
1,51,224,1843.3451661728873,89,15,4694,1.43,709.6846990555182
1,75,320,2218.1746830135453,93,5,805,1.07,842.9144130739088
2,58,362,228.99272079512912,12,0,3791,4.64,481.63083234402865
9,87,354,240.48148901809506,460,10,1357,2.08,709.2875676561805
3,26,10,8310.977106889273,321,15,3225,4.28,2642.1089990669952
1,98,302,7348.013807745263,292,15,3618,5.0,2468.976827660981
5,46,231,3614.9064588743868,432,25,2126,1.85,1305.888181554495
7,98,219,7013.2804565529705,229,10,2460,2.06,2531.46501347489
6,29,66,4012.538670468705,321,5,545,3.65,1689.7351481463008
1,4,112,9533.678280378492,291,0,2728,4.86,3050.4606112245474
5,81,13,9673.821546117744,437,25,3734,4.66,3309.0068297302887
5,99,86,3988.6583805124997,25,5,2562,3.01,1688.067697168735
6,13,234,8556.796872774594,74,20,2079,4.18,2807.5381833977563
3,39,90,7753.581512804915,455,15,2641,1.54,2485.693596863703
5,15,314,3168.999378000714,363,20,3114,4.91,1270.9888521394148
7,29,54,2397.194306120949,423,15,1926,4.86,1096.7972903471596
5,29,12,4636.523038889055,298,15,616,1.65,1530.3684458541757
5,75,209,7835.353522082622,149,20,3644,2.2,2683.2507562357405
5,32,14,9605.66106881458,147,20,1203,1.4,3116.610442942997
10,2,121,7659.432781779068,7,5,1759,2.09,2825.408005354456
10,47,20,8566.549151681864,28,25,2565,4.26,3160.590677680286
3,78,75,6070.336631088114,295,25,3174,2.51,2084.181279937994
1,84,243,8370.537525337046,473,20,3081,1.35,2669.0997478633094
5,22,223,7865.766494233835,413,5,2630,2.37,2735.906517674486
9,75,70,3832.156865070173,208,25,3161,4.93,1647.2985704803862
1,27,312,5564.703990995139,127,5,4321,3.52,1844.0402880224115
3,67,211,8067.055907697979,339,5,669,2.66,2763.6436904762404
4,81,101,555.961668480568,115,15,3168,1.67,425.21038624015836
1,56,186,8099.9848953227165,438,25,2121,4.94,2490.651938162696
1,92,132,1861.092428085332,143,25,4078,4.28,715.6306221018194
8,93,111,5195.367809502246,429,15,4151,2.13,2079.1332707249094
2,21,132,8101.926851603783,317,20,719,1.28,2535.8490286562565
8,47,20,2612.828673751279,234,15,2600,1.23,1196.7216629408288
7,80,24,2533.493649130915,6,25,3598,1.48,1131.8306688252142
10,59,227,4087.3675447762935,463,25,4669,3.32,1755.0285765981603
10,84,154,8956.963696018582,44,20,666,4.72,3405.420725513285
2,6,293,104.38353622835805,442,15,283,2.99,128.76722958735505
6,19,230,9023.692656755156,238,0,3903,4.37,3123.545245758701
6,57,310,1622.6895439519171,439,0,3565,2.78,950.9065882505226
3,69,359,9901.855123068073,431,20,2234,3.83,3299.759553636748
2,3,202,9552.985231080835,154,15,4593,3.93,2938.036982994088
1,1,38,4997.284376953705,180,15,1465,1.7,1575.9607276331167
6,58,260,5175.930453345019,214,5,129,2.44,2003.1039509495806
5,38,188,4867.338468730957,87,25,4734,3.55,1724.1805715205196
9,15,57,6390.892092029274,255,10,2060,1.28,2497.912652505496
1,34,20,998.1448521258172,72,20,3672,2.45,313.6614811478153
7,61,273,422.9176885815084,418,10,2494,3.14,593.9910185961021
5,35,119,671.2589913173987,178,10,992,4.98,509.3561354370196
5,64,71,4499.216957490992,211,20,2121,2.9,1733.388185774106
2,25,4,2827.9245982728858,292,15,2584,4.26,1093.0368261644496
3,24,221,6258.191667472838,233,20,4196,2.73,2113.5536393120833
7,12,14,9925.178664810312,464,10,2223,4.19,3446.551037100394
6,18,3,3924.5994134570124,238,25,4522,3.38,1446.0988006473053
2,15,216,5781.0284156346825,222,25,3188,4.55,1812.0464758159123
6,80,229,4214.478569482621,118,25,3237,2.64,1568.5850822200832
2,27,336,8487.989510446409,312,15,4136,3.42,2795.590529893012
2,72,186,9032.140394276157,263,0,4524,3.52,3047.4910221902705
2,60,55,8785.820560832075,206,20,343,2.67,2784.548323006148
3,46,254,9746.28516292465,94,25,4461,1.58,3138.8883933267434
2,89,24,372.4399328901114,372,20,4704,1.37,268.49375402903337
4,17,162,8414.180005240756,221,25,4823,1.07,2674.9851032833603
9,93,158,7542.544513087023,365,15,2276,4.49,2904.9318972115652
6,53,82,2364.0746530636115,275,0,4920,1.95,1186.1562529130983
1,8,159,9567.568924536523,379,0,3201,1.85,2970.0920004016507
8,79,188,1566.9614894764602,230,25,888,3.94,909.3420522873769
7,27,60,6827.544278625693,308,15,2043,2.28,2426.6421022212094
10,46,305,2326.4131464775337,118,5,1341,3.02,1377.767151037028
3,50,319,4370.668422863339,267,20,3720,1.65,1492.7397065663024
1,71,211,7219.682979751233,432,20,2883,4.84,2393.4606500048244
5,3,152,5676.913956127162,272,10,4212,4.41,1944.997712554446
4,93,109,4332.268130148306,63,15,2415,4.46,1698.5673993809992
10,64,76,3330.7504662266733,297,10,1117,2.63,1598.599617113573
8,44,30,8412.630591517023,349,25,4263,4.05,3005.138219460342
1,53,314,1523.7620681166557,412,10,3001,1.58,596.3031985480965
10,24,117,4358.0184776450205,402,0,1738,1.03,1910.5092271103367
1,60,356,9047.199960573907,493,20,1364,1.08,2860.1455094800654
4,3,192,8473.91054955368,10,10,2708,3.35,2799.7540936221735
8,20,19,4069.3234484831623,97,0,4790,2.82,1730.852956259631
5,46,173,7654.772799652952,433,15,924,3.07,2574.9212269703153
2,15,228,8249.292224017707,70,10,151,1.03,2575.248361671967
6,25,350,8899.985497635935,363,25,585,2.69,2922.141129189989
5,94,183,5490.607113587357,57,25,912,3.87,2020.378936240996
2,78,113,2124.1627719416465,289,25,2321,2.77,804.9221240449814
3,71,183,2627.5598573889233,250,20,495,3.93,1009.8716784775648
9,17,146,3027.3772730118817,275,10,3795,1.93,1282.946252446865
7,84,319,5978.644560015194,49,15,2148,4.25,2288.18621558817
7,100,116,424.8152788732235,357,10,556,3.35,704.113556258175
6,9,113,6396.820440921686,215,20,1552,1.84,2106.4372800051315
8,38,251,3707.106960439497,393,0,2120,1.95,1627.9161999554303
4,48,251,3022.893844647457,415,20,3085,3.51,1268.0815746097855
8,60,303,8807.01605020845,51,25,3504,4.32,3174.6576428251474
4,63,313,4654.023716249909,270,0,156,2.66,1857.584190330999
8,86,118,1041.0251507736584,484,25,734,2.03,819.4639390787338
9,2,301,8284.793003459847,83,5,4654,4.47,3062.2133921872764
3,88,161,571.6484486214154,386,20,3276,3.68,434.89629806303526
3,72,198,7294.817319265147,292,20,154,2.79,2406.0281824284452
2,11,260,7761.671595529585,125,15,996,2.95,2297.544468352002
10,64,148,3590.765798695696,295,10,2294,1.82,1750.9370133108239
3,77,240,8265.399777150089,71,0,4626,3.51,2930.8361321360208
3,81,47,5205.028117978889,295,0,2905,2.43,1894.449573126303
5,72,198,4686.607167400688,235,15,4824,4.98,1811.8845649003447
5,21,47,549.4924865400562,55,15,1177,2.92,402.55464027746876
2,18,78,2971.2890171241684,406,10,153,2.94,1055.319382711125
10,94,124,9316.998711764469,359,25,4187,3.26,3479.5462407945024
6,64,75,3979.05723650665,394,10,1716,4.67,1577.9785722579431
5,82,359,5512.335153512006,109,20,3202,4.2,2072.172472585715
6,95,137,5367.014621944093,191,25,2857,2.8,2017.2707979972708
1,38,90,5945.267789244664,391,5,786,3.87,1967.6500563717336
5,32,325,707.1764608684979,92,10,4368,3.34,565.9026383442639
9,11,61,3685.54492250741,349,15,4272,2.97,1552.653354813582
10,45,138,7258.969911437286,55,25,3767,1.77,2672.911630760897
2,89,50,2085.546485622531,59,10,2878,2.86,900.1701873090274
1,33,259,2115.4259377089684,137,0,642,1.98,838.7435914021046
10,41,107,199.8970062213448,38,5,4662,4.66,731.1070998727783
9,8,113,4431.071073421276,27,20,665,2.34,1753.1504989132509
10,11,350,8839.070368666878,48,0,3426,4.81,3206.3735245454495
9,86,254,613.8193415143592,419,0,3783,3.13,849.81681529365
9,51,118,1992.075224010426,124,5,3701,3.53,1240.1560252200863
6,88,198,3169.8369295932753,12,20,1069,3.17,1392.2359075341788
8,41,337,7344.074891985708,479,15,2349,1.52,2673.599041075169
1,17,51,6442.292368745607,35,25,4503,2.5,2030.0133006400638
10,76,245,4217.844655360365,100,20,1212,1.4,1897.2837000685504
4,46,35,7614.78249865792,281,10,1152,3.49,2600.892666482363
1,32,302,6135.347015403329,85,0,2511,2.79,1984.8546461112123
8,79,69,8970.803916606468,3,10,143,4.11,3153.763695179145
1,80,349,8198.46481647306,222,15,2489,1.88,2623.7201988182755
3,54,320,2602.8547002830855,337,10,3228,1.66,1005.7557852940834
4,86,49,2787.241918578582,447,20,4582,2.63,1180.2908852933433
8,92,74,1341.0291103446177,165,10,4955,4.71,1022.813471754651
6,20,192,3435.9507846028196,382,15,3205,3.84,1356.565982409006
10,33,261,9995.484795319033,343,15,4243,2.68,3454.2754920703487
7,74,356,4116.936569289104,382,15,3142,3.07,1672.482579329228
8,40,70,2282.835503422153,375,20,3304,1.34,1115.4832030666737
2,32,90,7648.580556307975,470,15,1357,4.94,2568.1695484490274
10,97,260,5470.4629342802955,277,0,2713,3.67,2403.6626110968073
8,2,126,1581.05435031683,129,15,4185,2.14,862.5068587737552
3,97,231,3868.827843492571,30,10,1357,3.34,1569.0722608954115
7,33,295,4203.250183839499,374,25,4294,1.44,1540.2303583418372
3,77,129,7562.914035635265,10,10,4633,4.86,2638.414912854851
7,30,280,304.6465520298542,475,25,3192,1.7,373.3694602923483
2,33,313,2763.294503303274,301,10,300,3.59,1060.0295729155325
10,77,100,5224.203383023668,95,20,723,1.98,2168.4311673046873
6,26,326,2761.582750283149,189,10,3010,3.87,1222.797415784017
3,22,297,6321.497069448089,452,20,67,4.11,2033.519190963497
3,66,182,4870.488044818704,191,20,3836,3.69,1752.2980314261504
9,38,174,3680.9315231098485,485,15,3993,3.46,1728.7151029945053
7,90,316,9497.165406018072,265,0,2506,4.57,3420.1540370340113
5,46,364,6358.379041945928,423,25,1537,1.31,2133.7257622014017
10,15,188,1386.419585452618,127,15,397,2.32,928.90624934419
7,98,57,5644.907804689616,237,15,4715,1.99,2243.592652006676
9,44,31,7829.24534668892,407,20,3357,4.95,2857.7962897422026
1,49,84,7114.0480051786935,354,20,1163,2.56,2091.7628870464705
7,75,152,1803.683370023068,427,25,4825,3.93,1062.6644857151218
6,61,36,9726.957990497023,111,10,555,3.74,3402.912703128314
10,67,213,4543.255092891399,315,10,3661,1.85,1896.8291513430863
9,6,364,1674.3475370285869,445,15,1751,1.96,898.1258215195983
1,9,106,1883.9379658686644,342,5,2941,2.13,729.1905112369656
4,6,342,1072.5264226718969,144,5,2657,2.64,633.9477477244623
9,73,220,8054.829273505849,64,10,2795,1.94,3048.1807831857022
4,95,163,1308.1018937863016,246,5,2329,1.08,770.2249464378974
10,32,220,1338.7400457032948,222,10,1959,4.52,1010.171384651614
3,41,270,8519.668986132292,478,20,1601,4.86,2778.554405583381
9,76,120,3511.5804360308402,489,15,2793,2.37,1684.286119972694
2,8,336,405.4932526499172,312,0,1480,2.35,240.8558554702197
4,72,182,613.7634652322677,438,15,1102,1.03,433.4390568254701
6,50,106,1507.487422368566,105,10,3276,3.72,927.1599560523705
2,92,217,2212.5941449593265,180,10,1299,4.3,981.5601707122198
8,62,205,6684.947322960214,183,15,4994,1.59,2555.207564660754
8,84,70,1657.5301720180996,225,25,3879,1.64,939.4834412564026
1,62,44,1276.8564726530128,264,10,1535,4.16,587.5180237789626
3,7,329,7670.719500615164,277,5,77,3.47,2463.495200942352
10,75,301,6743.447310213152,396,5,2831,1.18,2672.002327135124
9,84,228,4409.7097924068385,88,10,3410,3.49,1886.7855908721115
5,80,184,5538.1667376530295,175,10,2721,2.24,2041.8683502481608
6,4,107,3188.641801231543,17,25,3627,2.47,1117.179847123057
4,6,84,4876.754160330071,370,5,1532,4.08,1766.322409758584
10,58,338,5116.059224929183,459,10,237,4.24,2221.4472344667374
2,22,250,3933.64898466315,423,10,1996,2.6,1239.5815588747275
8,26,363,9075.064885654412,400,25,3427,4.79,3212.0137529713525
6,3,21,259.01246331196086,398,25,277,2.63,436.17449531458095
5,41,196,7843.495504603337,105,15,3089,4.09,2694.1489707178184
9,60,178,1331.3900292891108,270,25,523,2.94,871.161295775501
1,14,7,7995.718869318274,462,0,4275,4.59,2709.7321903456345
5,75,70,6197.52796519954,318,5,4218,4.63,2260.909964644736
6,82,127,8448.453100270384,166,15,3122,1.35,2951.54125342457
5,12,160,1065.3918238448848,12,0,4575,4.75,697.5986607850616
6,87,248,5633.908277587763,336,10,1797,4.3,2267.4298642989497
6,12,203,5060.7700145957515,31,10,2131,4.17,1893.617953135065
7,13,148,7091.312511337251,392,15,815,1.8,2439.4620586117526
4,25,143,5389.476463747391,39,25,2694,4.22,1778.6837206048197
8,45,199,5453.272214617731,147,10,442,4.4,2146.8905733730126
7,19,154,4352.999841403041,217,20,3140,2.16,1586.753584373655
9,55,142,3157.4607976726743,218,15,142,4.81,1530.8295052910364
7,100,313,4874.417176396702,468,0,4287,1.2,2008.1153439259863
3,45,165,1273.0743518071658,81,15,1410,1.6,504.2204158776622
3,8,314,9618.98205593254,332,5,4473,3.15,3152.451906198507
8,93,21,7172.666559903323,207,25,534,3.3,2653.916341799545
5,53,82,9529.424455209682,200,25,1716,3.58,3098.020496314139
4,55,69,2344.601085066636,446,15,3364,1.07,951.3673687956137
8,32,131,8805.476099747628,331,10,1032,4.84,3155.8614082226713
6,51,87,8107.020847179031,427,10,3342,1.18,2720.382917874758
2,44,218,6803.808883330969,37,20,1410,1.57,2177.125048355579
4,82,305,6287.788942243536,210,20,4500,1.06,2119.1788042385474
4,70,345,3233.8416861519127,443,25,1172,3.27,1336.1039463051131
6,18,341,8182.466771153804,326,20,888,4.73,2811.538056949978
6,83,161,5065.003068649365,248,0,3338,3.66,2038.7059210893435
1,22,178,801.8266013237251,226,20,4517,4.29,283.08959188125
8,37,117,3197.3452924657868,47,0,1641,1.05,1448.955202361555
6,96,196,9359.441275598743,17,20,471,3.17,3293.8719197587875
3,56,327,8521.734579987979,399,25,2940,2.84,2749.045667567134
9,59,86,9820.866410957738,438,25,546,3.0,3438.4019829304784
2,3,289,6317.134487780571,294,0,4726,1.29,2029.858860875066
8,28,81,2550.3497240900783,195,15,3597,3.74,1190.7119706651758
10,74,152,1711.8689918009513,186,25,2825,3.01,1079.6004011981333
3,35,61,1950.4529620237702,344,15,3723,4.06,707.0462666618807
5,61,61,295.97701763781845,223,10,363,2.94,518.2794168339639
6,93,354,3967.752898760798,317,0,2166,1.6,1723.2657586443274
10,54,28,1995.1340369454708,487,25,3309,3.59,1114.6674188819698
6,63,43,4175.389058521354,396,5,545,1.69,1782.353466624168
4,79,169,9356.444875203777,364,10,3240,4.49,3209.0842865807526
3,97,86,4362.348074121181,336,15,4729,3.45,1594.897243637594
4,7,177,8792.046520149865,496,25,1936,1.63,2802.050827118482
1,76,17,6094.497189497177,228,0,962,4.85,2147.2515676746157
4,49,98,2546.60239114778,389,20,3005,3.07,1043.109716618545
1,94,198,3622.9621166661927,466,5,3806,1.29,1304.4008547672781
1,85,98,930.8034046321512,76,15,882,3.51,516.9658075785471
10,31,65,3401.279676600504,187,10,3840,2.01,1559.4959884690963
6,58,330,6807.655360484987,345,0,870,4.21,2570.293680727788
5,61,341,813.8998200014083,269,5,4611,4.27,581.3227232998905
4,24,5,2133.4739439324903,94,0,2985,4.92,964.7485100307877
3,20,2,3876.2663099917836,309,25,865,3.01,1374.1876478879449
1,37,22,9822.290416458029,131,20,4309,2.82,2988.7337521673935
6,4,112,7870.132047292914,38,10,3203,4.01,2669.0476993132147
2,92,57,7361.518790271828,71,0,2897,1.53,2500.6575701590496
8,20,66,1250.2904696019152,280,15,2244,3.19,743.1468340861423
10,60,330,7831.859346788416,332,25,18,3.18,2797.743765225112
5,24,98,7874.161234008549,159,25,641,1.36,2550.919050276384
7,50,144,6050.91668668085,186,10,3083,2.67,2275.4679772083377
10,49,125,9904.581641783881,485,25,329,4.41,3529.9492391082317
2,51,167,3320.013668653064,190,15,865,4.42,1204.160172498525
8,96,86,9418.597237594331,421,0,773,1.4,3447.731214820819
2,36,76,9155.838038069385,119,10,4487,1.36,2947.0934849983537
4,98,344,213.65853151884062,219,25,4732,2.05,366.57525015919134
1,100,294,4556.153612100629,52,25,2354,4.5,1553.1419547758253
5,66,59,9773.331907210577,221,15,3338,1.52,3255.3432979187687
9,79,138,1120.9014878399503,450,20,3518,3.88,950.8377843398239
1,34,99,5523.068474394862,411,20,2942,1.4,1773.5218862456213
9,36,192,9791.679319706931,130,25,2567,3.49,3372.89660895362
8,6,243,5599.404698648015,236,0,1674,2.42,2145.1680989458487
6,39,319,1979.1714994243443,245,10,2683,4.16,1021.8693219241013
7,42,49,5863.613977916639,225,25,3380,1.93,2057.05529303855
3,58,32,2123.961682100514,207,5,739,3.56,950.4093629908001
1,12,277,5245.072202655394,405,10,1545,1.94,1563.0379679295133
5,3,20,833.0179573322451,95,20,4564,3.85,394.4528720127036
2,18,154,6094.278425222606,421,25,2259,4.49,1947.4208479613944
5,40,68,5216.220397368766,199,15,1135,1.51,1830.8723821440906
8,21,214,7427.597550738485,246,5,873,4.47,2744.7932856026064
9,15,143,6343.934664471972,71,25,4555,3.37,2324.685650491174
2,97,232,5541.102058454491,317,0,2300,1.51,1937.7106151031576
3,99,213,6928.810607556399,184,5,751,2.71,2453.580467168703
3,26,79,1525.0249443650855,5,25,853,1.64,505.65241805878287
1,8,214,5994.060646460181,205,0,3732,3.8,2009.766811838124
8,100,116,1803.894967945499,31,5,2283,4.04,1129.1699731406513
6,94,92,9262.669857733621,98,0,1329,1.42,3285.411693771657
8,87,270,776.5076379714816,393,0,477,3.02,815.238711989082
9,42,168,4360.710021938853,386,5,2726,4.26,1930.9340652496958
5,44,58,6988.395028788904,255,5,3091,4.74,2487.746940072596
3,14,284,4634.419895515762,186,0,4230,3.05,1603.392632673668
5,78,26,1011.7430070057333,75,20,4505,4.8,748.1829793542977
5,2,66,5578.452259654403,176,5,1269,3.14,1966.8072074801983
5,37,248,6452.15589739081,314,25,4181,2.58,2212.0789915140413
3,69,254,7067.5438788060255,286,10,2603,4.39,2396.9968668159345
10,38,44,3795.2721631813133,348,15,1469,2.97,1628.7408017580187
4,41,97,5680.233713184746,254,0,377,2.89,2049.23051205743
9,62,42,4561.79610189524,324,0,1680,2.96,1985.7965127938355
10,60,227,6753.354783647309,189,15,241,4.39,2690.12816871689
9,14,262,5877.2139765157035,307,20,919,4.33,2223.768770321584
2,89,167,5304.986573635435,344,15,69,2.61,1856.949739052362
8,84,279,2570.2912316986617,126,5,3924,2.33,1279.518243012536
8,2,89,119.98332570751577,424,15,2086,2.97,518.8168446929676
7,70,178,1823.4085855831497,286,0,2007,3.29,1094.6104764233432
8,17,197,1258.9538100992697,253,15,800,1.95,810.5654915467408
3,89,307,4545.938975608373,212,10,2779,4.18,1683.5771091715305
6,28,267,6161.355692542262,249,25,4920,2.95,2153.807202873546
1,66,268,2209.5415859796008,83,5,755,2.34,801.5202376176429
7,35,74,9396.665250075152,486,15,1995,1.43,3215.202966935529
1,5,8,166.153079316489,382,0,1321,1.96,131.24721957565507
9,65,297,7745.780050136895,405,25,2330,4.8,2876.1935402378467
1,40,164,6289.527218351378,387,5,109,2.22,2071.156867011918
1,76,85,3798.192530372051,12,0,1016,1.68,1313.430743550601
7,56,72,599.8405496828384,44,20,3865,2.84,564.5275783742117
2,36,55,6312.117060664365,126,10,24,2.23,2083.101332253648
5,45,47,3917.5737773699157,425,20,4938,1.14,1542.983206938312
8,23,238,9369.04468019087,113,10,2838,2.29,3245.6092873241864
8,47,104,5465.701741408682,432,15,737,3.18,2151.867328318801
3,31,210,9402.549961805731,275,5,179,3.21,3066.616415048795
7,11,42,2282.7885653857106,499,15,231,2.43,1127.548849353528
3,10,316,7284.686512604622,204,10,1917,2.79,2273.844870433124
6,67,268,6210.765306402384,336,10,342,4.86,2349.160644154183
6,14,263,7420.141475329987,437,10,4572,2.51,2472.9652409208925
3,80,336,2225.211853328114,419,25,2623,2.03,767.8349774715984
7,74,259,6683.44571075396,480,0,454,1.97,2557.306815882079
3,93,283,5030.599891263003,384,5,4384,2.83,1883.7548571862735
8,10,114,7453.9672515725315,398,15,4625,4.04,2647.7483285846492
10,76,363,3337.741977102996,460,15,2276,1.82,1609.412888628911
4,94,40,8911.564552106,272,20,595,3.84,3193.184337335363
1,1,220,934.5830146523687,407,10,3874,1.08,291.0661474941389
4,5,129,8091.174256032762,57,10,4530,2.68,2666.4584948723323
7,20,8,8627.064295569398,327,10,4977,4.1,2977.6510476901253
4,8,101,8190.7978825315295,497,15,4497,2.35,2660.0009935114886
6,43,176,5175.991303191583,218,20,2669,3.25,1891.885707204694
9,76,107,4440.011302304537,108,0,2135,1.82,1949.8774665548747
1,1,101,9962.996636596281,278,25,3964,3.97,3086.243917588901
5,57,260,2368.802317020205,173,5,1565,1.21,1132.6999432652785
7,64,246,5514.0720621728415,327,0,308,4.41,2227.258951021814
1,84,275,6739.687701285023,263,15,342,1.79,2085.4957135883087
4,28,32,7038.5895950281765,314,25,435,4.5,2314.5264173458245
6,37,137,2119.8441908119294,473,25,176,2.41,1068.3046354638332
2,47,12,6574.541514164032,110,25,138,3.89,2107.6293709172246
10,76,302,8201.85870816524,186,10,193,2.28,3163.3184910522546
5,37,16,595.183910529011,268,5,3257,4.62,642.0522932563333
10,49,129,9124.060803920633,422,15,3235,1.51,3301.366436968988
1,44,63,392.09014593753875,228,15,942,1.71,172.73596218785403
6,56,109,3624.113221635104,496,25,4620,2.97,1311.8683499013869
6,28,21,256.5506427063245,155,15,3879,1.33,418.7733532423451
4,79,158,863.7371685418605,472,5,3113,1.78,586.9833504213807
8,6,269,9120.566023282783,188,5,2962,4.78,3227.577329579219
4,61,162,3613.1222243868633,271,20,4836,4.91,1341.6456503365907
8,20,260,4305.238151208024,374,20,4957,2.51,1668.509568338897
8,78,102,2231.909375687271,1,0,953,4.69,1321.058765451234
5,2,223,6011.248124848526,245,5,1302,3.18,2109.4041165067724
4,73,59,5988.551825310117,209,5,3381,2.08,2103.4244382254146
2,37,247,3784.7838790696705,400,5,2880,3.81,1420.4807111589687
3,20,128,3397.045230873444,285,20,2187,3.64,1152.0688300254346
3,26,283,8861.14665098782,358,25,4887,4.96,2750.8205222736833
4,29,325,3894.5139724577934,12,25,545,2.06,1337.1030207391648
4,1,25,4985.659822328642,95,15,1927,3.69,1698.2167121499153
10,35,131,2904.717148006813,497,25,4152,1.21,1348.644616060632
5,70,353,7889.018083235561,220,10,4,1.45,2803.812045154922
4,59,196,4034.736753301007,237,20,3481,1.02,1436.9985841535092
10,69,281,5184.749360788813,93,5,3253,5.0,2262.4438270182054
8,33,154,2608.2359835906477,337,25,1362,4.21,1152.5115760155397
6,51,133,9877.829964178392,268,20,1820,4.15,3389.3766643979125
6,78,227,2985.8078351448567,170,25,2663,3.04,1296.757803747362
8,12,189,7730.351055964961,468,0,2938,2.2,2766.10393042478
7,20,265,4332.2069385319155,93,5,1273,1.61,1601.6283468863014
10,53,134,2141.552310332985,148,0,3326,2.14,1363.4863028526497
10,88,211,8017.215763252126,111,5,3659,2.5,3044.7807307528346
8,43,60,3402.7072113875274,54,20,2945,4.03,1457.8482629477726
2,98,364,8665.41413923833,336,15,3018,3.16,2901.741467325299
9,89,364,9161.046130686447,423,25,1131,1.31,3217.6859427750996
